id,split,file,sha
s0,train,s0_XPLUSDT_1779942600000.png,71f99e839e4ea8e1
s2,train,s2_WLDUSDT_1779942600000.png,868cd5bee0925b96
s3,train,s3_ENAUSDT_1779942600000.png,cdd5a1a0aab10ee8
s1,train,s1_PUMPUSDT_1779942600000.png,3bf50726addd8b26
s4,train,s4_ARBUSDT_1779942600000.png,e7c23e5ae738afb7
s5,train,s5_OPUSDT_1779942600000.png,0ffc99f1d3b2332c
s6,train,s6_SUIUSDT_1779942600000.png,e381a996630a7c29
s7,train,s7_TIAUSDT_1779942600000.png,115d209e846e4899
s8,train,s8_JUPUSDT_1779942600000.png,3cc241196b2f1d2b
s9,train,s9_XPLUSDT_1779943500000.png,e316bf2d6fde5fe0
s10,train,s10_PUMPUSDT_1779943500000.png,fe57dbdbbc3e82de
s11,train,s11_ENAUSDT_1779943500000.png,5f56918a7f5eba57
s12,train,s12_ARBUSDT_1779943500000.png,6929c1ff4f94f1fe
s13,train,s13_OPUSDT_1779943500000.png,44f68b455c47cc5b
s14,train,s14_SUIUSDT_1779943500000.png,5afd1ae4466671f9
s15,train,s15_TIAUSDT_1779943500000.png,35bc4d83ee200bcf
s16,train,s16_JUPUSDT_1779943500000.png,7b249386cc2dd7df
s17,train,s17_PENDLEUSDT_1779943500000.png,c872dcf72b38c2c9
s18,train,s18_ONDOUSDT_1779943500000.png,d57c12492c0aedb8
s19,testB,s19_STXUSDT_1779943500000.png,726030e7f29640e3
s20,testB,s20_GRTUSDT_1779943500000.png,5d2e1176f6729e55
s21,testB,s21_LDOUSDT_1779943500000.png,e5717d29c2c7cbf7
s22,testB,s22_SANDUSDT_1779943500000.png,d73d07ccb0f0b06b
s23,testB,s23_MANAUSDT_1779943500000.png,aa469dce59dbfdb9
s24,testB,s24_AXSUSDT_1779943500000.png,76efc9986d61bb9c
s25,testB,s25_APEUSDT_1779943500000.png,6064db2340ad6edc
s26,train,s26_XPLUSDT_1779944400000.png,c2aed0c41a64c04b
s27,train,s27_PUMPUSDT_1779944400000.png,691ac33014e146d5
s28,train,s28_ENAUSDT_1779944400000.png,2575dededb36edd4
s29,train,s29_ARBUSDT_1779944400000.png,d163b7588212ed34
s30,train,s30_OPUSDT_1779944400000.png,c651f114d8177678
s31,train,s31_SUIUSDT_1779944400000.png,c1e392039b3d6f11
s32,train,s32_TIAUSDT_1779944400000.png,e727934403f1e46a
s33,train,s33_JUPUSDT_1779944400000.png,406a3d59c774dbd9
s34,train,s34_ONDOUSDT_1779944400000.png,de1712669c5e54fa
s35,testB,s35_STXUSDT_1779944400000.png,daf7fa7e55524125
s36,testB,s36_GRTUSDT_1779944400000.png,c6fc728fb8330e1e
s37,testB,s37_LDOUSDT_1779944400000.png,a14ab4fbfee545a3
s38,testB,s38_SANDUSDT_1779944400000.png,802bd8423599386d
s39,testB,s39_MANAUSDT_1779944400000.png,ae212c603b88c126
s40,testB,s40_AXSUSDT_1779944400000.png,38cc115a7583f714
s41,testB,s41_APEUSDT_1779944400000.png,8214c40d6b802adf
s42,train,s42_XPLUSDT_1779945300000.png,060a69b2cad39458
s43,train,s43_PUMPUSDT_1779945300000.png,dbeff06a098b9802
s44,train,s44_ENAUSDT_1779945300000.png,d3afe085fc273230
s45,train,s45_ARBUSDT_1779945300000.png,68fb497afbcbbc9f
s46,train,s46_OPUSDT_1779945300000.png,5a465b29305cad4c
s47,train,s47_SUIUSDT_1779945300000.png,43d5060da9e15a32
s48,train,s48_TIAUSDT_1779945300000.png,41f4ba3777cf84d2
s49,train,s49_JUPUSDT_1779945300000.png,0df3a89223b018ee
s50,train,s50_ONDOUSDT_1779945300000.png,2d5b851ab25f950f
s51,testB,s51_ARUSDT_1779945300000.png,2ab9d8d22ed38de0
s52,testB,s52_STXUSDT_1779945300000.png,ca06dfe61a1e6c0f
s53,testB,s53_GRTUSDT_1779945300000.png,86312874c56f178a
s54,testB,s54_LDOUSDT_1779945300000.png,a2bbc026fb78be62
s55,testB,s55_SANDUSDT_1779945300000.png,ded7436965765161
s56,testB,s56_MANAUSDT_1779945300000.png,10e92906f8ab3bec
s57,testB,s57_AXSUSDT_1779945300000.png,862d1eccfd1e20cf
s58,testB,s58_APEUSDT_1779945300000.png,00b17809f9121144
s59,train,s59_PUMPUSDT_1779946200000.png,4a8c1c58c920d31b
s60,train,s60_ENAUSDT_1779946200000.png,b7395228bbccf68c
s61,train,s61_ARBUSDT_1779946200000.png,04315224bf364e7c
s62,train,s62_OPUSDT_1779946200000.png,c2c0636c131f79fd
s63,train,s63_SUIUSDT_1779946200000.png,fdce08f2d6d7eb7e
s64,train,s64_TIAUSDT_1779946200000.png,54dc50c77ced918b
s65,train,s65_JUPUSDT_1779946200000.png,5a6324e33f3074e9
s66,train,s66_PENDLEUSDT_1779946200000.png,2d15cfd4028b41ef
s67,train,s67_ONDOUSDT_1779946200000.png,8de328482fae5f4b
s68,train,s68_FETUSDT_1779946200000.png,2155ec5773bc7fd9
s69,testB,s69_STXUSDT_1779946200000.png,36d39e09589ce8f3
s70,testB,s70_LDOUSDT_1779946200000.png,ecc6d6a9a67e69ef
s71,testB,s71_SANDUSDT_1779946200000.png,9c64a0cae05a888d
s72,testB,s72_AXSUSDT_1779946200000.png,457be47570210b6a
s73,testB,s73_APEUSDT_1779946200000.png,8ea797d9358c99ab
s74,train,s74_PUMPUSDT_1779947100000.png,8d3df7cf0b27d309
s75,train,s75_ENAUSDT_1779947100000.png,7723e53a7439d9d9
s76,train,s76_ARBUSDT_1779947100000.png,17483a6b6596e21a
s77,train,s77_OPUSDT_1779947100000.png,f4a5bff8f7a1355b
s78,train,s78_SUIUSDT_1779947100000.png,6e08400fe629fecf
s79,train,s79_TIAUSDT_1779947100000.png,39aef95bd79ccfeb
s80,train,s80_JUPUSDT_1779947100000.png,5e483d2fb0ae6931
s81,train,s81_PENDLEUSDT_1779947100000.png,eb4262002536b6ae
s82,train,s82_ONDOUSDT_1779947100000.png,ee4820b729d4d677
s83,train,s83_FETUSDT_1779947100000.png,da90d8eba6eac42d
s84,testB,s84_ARUSDT_1779947100000.png,d6bd7f8fc357d156
s85,testB,s85_STXUSDT_1779947100000.png,0c967495e804c242
s86,testB,s86_LDOUSDT_1779947100000.png,b4915a12221cfde6
s87,testB,s87_SANDUSDT_1779947100000.png,bf1c24e7f62cd76d
s88,testB,s88_AXSUSDT_1779947100000.png,e1bc9192a889573d
s89,testB,s89_APEUSDT_1779947100000.png,21e64eb518e9901f
s90,train,s90_XPLUSDT_1779948000000.png,e8878396dbbd1442
s91,train,s91_PUMPUSDT_1779948000000.png,41a65342df1b9144
s92,train,s92_0GUSDT_1779948000000.png,edb2d4584decef31
s93,train,s93_ENAUSDT_1779948000000.png,a8a99c0e369288a5
s94,train,s94_ARBUSDT_1779948000000.png,c97b1d3ad5d7dd2f
s95,train,s95_OPUSDT_1779948000000.png,72cd41bb8cfd5952
s96,train,s96_SUIUSDT_1779948000000.png,9c095493d8c00f3a
s97,train,s97_TIAUSDT_1779948000000.png,cae53dbb342771ad
s98,train,s98_JUPUSDT_1779948000000.png,6e2dc41010a340bb
s99,train,s99_PENDLEUSDT_1779948000000.png,29a41b5ce099c57f
s100,train,s100_ONDOUSDT_1779948000000.png,dcd0734a8b45003c
s101,testB,s101_ARUSDT_1779948000000.png,c15d7737bc4d8111
s102,testB,s102_STXUSDT_1779948000000.png,62eef94ec81bcad6
s103,testB,s103_GRTUSDT_1779948000000.png,bcd1062517f3820e
s104,testB,s104_LDOUSDT_1779948000000.png,5896f2630183c22a
s105,testB,s105_SANDUSDT_1779948000000.png,d3c9df7316942f7c
s106,testB,s106_MANAUSDT_1779948000000.png,7e079912c82c6a06
s107,testB,s107_AXSUSDT_1779948000000.png,fa909233bc23a030
s108,testB,s108_APEUSDT_1779948000000.png,fa7ba23586839596
s109,train,s109_XPLUSDT_1779948900000.png,fbdf1730f92adf78
s110,train,s110_PUMPUSDT_1779948900000.png,16e9b84d96b3c1c1
s111,train,s111_0GUSDT_1779948900000.png,6714547c44646cb3
s112,train,s112_WLDUSDT_1779948900000.png,3cb830c6a8b8baf2
s113,train,s113_ENAUSDT_1779948900000.png,937ec2200d4f0be3
s114,train,s114_ARBUSDT_1779948900000.png,9081e10cf6471c03
s115,train,s115_OPUSDT_1779948900000.png,ce8bab3905010c0a
s116,train,s116_SUIUSDT_1779948900000.png,af92f783c3f261a2
s117,train,s117_TIAUSDT_1779948900000.png,15f2c93a808c2fd3
s118,train,s118_JUPUSDT_1779948900000.png,22f8826e898f523f
s119,train,s119_ONDOUSDT_1779948900000.png,719444ee135f176e
s120,train,s120_FETUSDT_1779948900000.png,a1cbd6d911c7e381
s121,testB,s121_ARUSDT_1779948900000.png,17d500bc817d1a61
s122,testB,s122_STXUSDT_1779948900000.png,6148ffd611f13e91
s123,testB,s123_GRTUSDT_1779948900000.png,ade6b1129a29bb57
s124,testB,s124_LDOUSDT_1779948900000.png,35f9f6feee322089
s125,testB,s125_SANDUSDT_1779948900000.png,55cfef4f15eedadb
s126,testB,s126_MANAUSDT_1779948900000.png,c9c5994f3936377c
s127,testB,s127_AXSUSDT_1779948900000.png,cb358a332e22ce66
s128,testB,s128_APEUSDT_1779948900000.png,00ff3067c886482b
s129,train,s129_ASTERUSDT_1779949800000.png,d7b0c0a36a6d6316
s130,train,s130_XPLUSDT_1779949800000.png,1feae5ceade6c8db
s131,train,s131_PUMPUSDT_1779949800000.png,452a172a28093695
s132,train,s132_0GUSDT_1779949800000.png,b34ea7d5dd359dab
s133,train,s133_ENAUSDT_1779949800000.png,db947b1a32352567
s134,train,s134_ARBUSDT_1779949800000.png,dac63561e28f025b
s135,train,s135_OPUSDT_1779949800000.png,57a7bd742beeefac
s136,train,s136_SUIUSDT_1779949800000.png,bc58d0589d5e0547
s137,train,s137_TIAUSDT_1779949800000.png,29b2dd7fa01a5c27
s138,train,s138_JUPUSDT_1779949800000.png,ed2c5ed2de76ac84
s139,train,s139_ONDOUSDT_1779949800000.png,63bd7d1bfcbd7e0e
s140,train,s140_FETUSDT_1779949800000.png,b81ff2720cafa61a
s141,testB,s141_ARUSDT_1779949800000.png,bbb2cde67ee9d61e
s142,testB,s142_STXUSDT_1779949800000.png,cfa4809a6745cdf6
s143,testB,s143_GRTUSDT_1779949800000.png,a5e7f09d3f039a8f
s144,testB,s144_LDOUSDT_1779949800000.png,c89e1ba2d4d1c87d
s145,testB,s145_SANDUSDT_1779949800000.png,8cb9ea374a8440f2
s146,testB,s146_MANAUSDT_1779949800000.png,1ac08827958c9335
s147,testB,s147_AXSUSDT_1779949800000.png,b001b3eacd429ed2
s149,train,s149_XPLUSDT_1779950700000.png,22a8095d8aaf7e7e
s150,train,s150_PUMPUSDT_1779950700000.png,700c7179b50ed4a2
s151,train,s151_0GUSDT_1779950700000.png,c2a823296d230112
s152,train,s152_WLDUSDT_1779950700000.png,79cd5ac60e717d5a
s153,train,s153_ENAUSDT_1779950700000.png,f7278dcb480c4902
s154,train,s154_ARBUSDT_1779950700000.png,9357ef636a7f12f4
s155,train,s155_OPUSDT_1779950700000.png,3fb855e05eeb330d
s156,train,s156_SUIUSDT_1779950700000.png,93b336d46168cf5b
s157,train,s157_TIAUSDT_1779950700000.png,5e23c086d7688e54
s158,train,s158_ONDOUSDT_1779950700000.png,6a843d808cdb2ed3
s159,train,s159_FETUSDT_1779950700000.png,ed293131bb3de5b3
s166,train,s166_PUMPUSDT_1779951600000.png,ba0c2c5cb07d5dc2
s167,train,s167_0GUSDT_1779951600000.png,cbf97d2833a68c18
s168,train,s168_WLDUSDT_1779951600000.png,237c2f9f798623d8
s169,train,s169_ENAUSDT_1779951600000.png,d44801d790786993
s170,train,s170_ARBUSDT_1779951600000.png,7e42dab063e6a56b
s171,train,s171_OPUSDT_1779951600000.png,ecbfc84f941fdf92
s172,train,s172_SUIUSDT_1779951600000.png,105c248da8b5c9d7
s173,train,s173_ONDOUSDT_1779951600000.png,86ff40de86d04f67
s180,train,s180_PUMPUSDT_1779952500000.png,dafc67cbfedd4cd8
s181,train,s181_WLDUSDT_1779952500000.png,0a1a59550b8e035c
s182,train,s182_OPUSDT_1779952500000.png,7b57011157140671
s183,train,s183_ONDOUSDT_1779952500000.png,f4bef1808db6e088
s185,train,s185_STBLUSDT_1779953400000.png,34e8bc14c5304e48
s186,train,s186_WLDUSDT_1779953400000.png,6463a98ce3dbee25
s187,train,s187_INJUSDT_1779953400000.png,6cc776c9926f65b4
s188,train,s188_STBLUSDT_1779954300000.png,40e739d1a3250fec
s189,train,s189_STBLUSDT_1779955200000.png,7445894c398f7124
s190,train,s190_WLDUSDT_1779955200000.png,69ca65cd7986829e
s191,train,s191_STBLUSDT_1779956100000.png,7757fdab0ca96b59
s192,train,s192_WLDUSDT_1779956100000.png,27953d341a7dd1a4
s193,train,s193_WLDUSDT_1779957000000.png,154646d15135d9b9
s194,train,s194_PENDLEUSDT_1779957000000.png,1733320bbaf9fc84
s195,train,s195_PUMPUSDT_1779957900000.png,9a0e869dbbaadc1f
s196,train,s196_STBLUSDT_1779957900000.png,5db6b2da311ee582
s197,train,s197_WLDUSDT_1779957900000.png,daca8e62a7f981f3
s198,testB,s198_APEUSDT_1779957900000.png,f54ce772adeb887d
s199,train,s199_XPLUSDT_1779959700000.png,2236545774fc1987
s200,testB,s200_STXUSDT_1779959700000.png,7ab08e2391d48f1e
s201,train,s201_XPLUSDT_1779960600000.png,29a1a69235356463
s202,train,s202_XPLUSDT_1779961500000.png,6f9dcfbfb3af8bb7
s203,train,s203_XPLUSDT_1779962400000.png,6a9b46a86a3f57d5
s204,train,s204_XPLUSDT_1779963300000.png,d209cec5a6160841
s205,train,s205_XPLUSDT_1779964200000.png,b667d7c2548b6ffb
s206,train,s206_XPLUSDT_1779965100000.png,2b32b77747e97dd9
s207,train,s207_WLDUSDT_1779965100000.png,9b8748c306e52f79
s208,train,s208_XPLUSDT_1779966000000.png,3f18891c02582f06
s209,train,s209_WLDUSDT_1779966000000.png,f0ccb0df85b0311f
s210,train,s210_INJUSDT_1779966000000.png,85a83f5c161aad69
s211,train,s211_PUMPUSDT_1779966900000.png,d720fee7802b00de
s212,train,s212_STBLUSDT_1779966900000.png,eeb206efe3d806d6
s213,train,s213_WLDUSDT_1779966900000.png,d06239efdcda157c
s214,train,s214_ENAUSDT_1779966900000.png,eef9f472837e489b
s215,train,s215_INJUSDT_1779966900000.png,57434a0e16204f8a
s216,train,s216_SEIUSDT_1779966900000.png,9113518077c06539
s217,train,s217_JUPUSDT_1779966900000.png,bf103e3a9a00928d
s218,train,s218_PUMPUSDT_1779967800000.png,48fc28a1f9a2f922
s219,train,s219_STBLUSDT_1779967800000.png,c62955034fda449b
s220,train,s220_WLDUSDT_1779967800000.png,c2ae02fec071a641
s221,train,s221_ENAUSDT_1779967800000.png,0a8c7aa781a3bbc3
s222,train,s222_INJUSDT_1779967800000.png,2f3c42bb73049baf
s223,train,s223_JUPUSDT_1779967800000.png,f6ac739cd43d27ad
s225,train,s225_PUMPUSDT_1779968700000.png,b6fb18f7d393c86b
s226,train,s226_STBLUSDT_1779968700000.png,4a93f5914ed14447
s227,train,s227_WLDUSDT_1779968700000.png,da595f0f43aaab6d
s228,train,s228_ENAUSDT_1779968700000.png,8f62e5501f44bbd7
s232,train,s232_PUMPUSDT_1779969600000.png,21d375456d99619f
s233,train,s233_STBLUSDT_1779969600000.png,f36bca22b2cbac77
s234,train,s234_WLDUSDT_1779969600000.png,e2be3bb698d8f304
s235,train,s235_ENAUSDT_1779969600000.png,5c3f7364f0dd9057
s237,train,s237_TIAUSDT_1779969600000.png,4e7852ecda53b950
s239,train,s239_FETUSDT_1779969600000.png,a92fa8f6febdf641
s240,testB,s240_ARUSDT_1779969600000.png,31be0dfff2136c4f
s244,train,s244_WLDUSDT_1779970500000.png,7328889df4d70e16
s246,testB,s246_ARUSDT_1779970500000.png,3d6af04b8f683fe6
s249,train,s249_XPLUSDT_1779972300000.png,1ca5ce5f5f78f44f
s252,train,s252_WLDUSDT_1779973200000.png,9fa9c918524794e3
s253,train,s253_WLDUSDT_1779974100000.png,637501ff5f04dccf
s255,train,s255_ENAUSDT_1779975000000.png,da0c8b91ef40f3c0
s256,train,s256_PENDLEUSDT_1779975000000.png,a4514fcfbfaed108
s259,train,s259_JUPUSDT_1779975900000.png,85dd33d2bce199e5
s260,train,s260_PENDLEUSDT_1779975900000.png,ccb17659e591ba1f
s261,testB,s261_ARUSDT_1779975900000.png,faa942d9a42f1d94
s263,train,s263_JUPUSDT_1779976800000.png,d7bb0ee3221b84d8
s268,train,s268_WLDUSDT_1779978600000.png,168075842d9245d4
s277,testB,s277_AXSUSDT_1779982200000.png,cdbb6ef922a7370e
s279,testB,s279_AXSUSDT_1779983100000.png,6ebfa8ceafb573cb
s281,testB,s281_LDOUSDT_1779984000000.png,36aa594823506919
s282,testB,s282_AXSUSDT_1779984000000.png,89e044e0a195ab78
s283,train,s283_PUMPUSDT_1779984900000.png,bf71c2a732be3aa1
s284,train,s284_0GUSDT_1779984900000.png,14d1c1417062569c
s286,testB,s286_LDOUSDT_1779984900000.png,a55a5aab1d30a41e
s287,testB,s287_MANAUSDT_1779984900000.png,df319a6fe7e0da48
s288,testB,s288_AXSUSDT_1779984900000.png,05b6cf6d4ef69589
s289,testB,s289_APEUSDT_1779984900000.png,45397a530b8c00c2
s290,train,s290_PUMPUSDT_1779985800000.png,e8b54825cae97a8f
s293,train,s293_ONDOUSDT_1779985800000.png,4c52703e21c10de9
s294,testB,s294_AXSUSDT_1779985800000.png,d406bad8a0ade834
s295,train,s295_WLDUSDT_1779986700000.png,8590ae25e65f2383
s298,testB,s298_AXSUSDT_1779986700000.png,5b03f8b982015b33
s299,testB,s299_APEUSDT_1779986700000.png,18eadc14d031b0a6
s301,train,s301_PUMPUSDT_1779987600000.png,9f387ac2cb4fcf1d
s303,testB,s303_ARUSDT_1779987600000.png,b0ad2014c165991b
s304,testB,s304_LDOUSDT_1779987600000.png,f0125fe897697ea7
s305,testB,s305_AXSUSDT_1779987600000.png,92713a3b3876a7c0
s306,testB,s306_APEUSDT_1779987600000.png,47966fb96080c09e
s308,train,s308_XPLUSDT_1779988500000.png,131093b08b74a745
s315,train,s315_0GUSDT_1779989400000.png,092661f785f22e93
s327,train,s327_ASTERUSDT_1779990300000.png,cf7d98be8d34fbfa
s328,train,s328_PUMPUSDT_1779990300000.png,de06fed5df53227c
s330,train,s330_ENAUSDT_1779990300000.png,38dffeb2a430932d
s331,train,s331_ARBUSDT_1779990300000.png,552387e77bd2f114
s333,train,s333_SUIUSDT_1779990300000.png,fe5c78b4fb18ec52
s336,train,s336_FETUSDT_1779990300000.png,037564045c119653
s337,testB,s337_STXUSDT_1779990300000.png,9abfa076206da0b6
s338,testB,s338_LDOUSDT_1779990300000.png,6d411a8bc684b361
s339,testB,s339_MANAUSDT_1779990300000.png,0b9268e65dd20ee5
s340,testB,s340_AXSUSDT_1779990300000.png,12d74b5d415cbd15
s341,testB,s341_APEUSDT_1779990300000.png,e44139f73c7c544d
s342,train,s342_ASTERUSDT_1779991200000.png,422f8ef1d77e9830
s343,train,s343_PUMPUSDT_1779991200000.png,3e19ec32b6566fb4
s344,train,s344_ENAUSDT_1779991200000.png,03da45aecd33f15d
s345,train,s345_ARBUSDT_1779991200000.png,45cc1199d620f1a0
s346,train,s346_OPUSDT_1779991200000.png,fdca52edde68799b
s348,train,s348_SUIUSDT_1779991200000.png,08ed1601ab8c3337
s349,train,s349_TIAUSDT_1779991200000.png,35f043e261be80fa
s353,train,s353_FETUSDT_1779991200000.png,dd1fcd7d50a375f5
s354,testB,s354_STXUSDT_1779991200000.png,234db80fd46d958b
s355,testB,s355_GRTUSDT_1779991200000.png,9ba626dafa28c7c1
s356,testB,s356_LDOUSDT_1779991200000.png,3d7ea838fd3a285a
s357,testB,s357_SANDUSDT_1779991200000.png,18a1d6b0c9a62069
s358,testB,s358_MANAUSDT_1779991200000.png,053b87c4ba42603f
s359,testB,s359_AXSUSDT_1779991200000.png,9fc620c7e0bd4bb9
s360,testB,s360_APEUSDT_1779991200000.png,c7fe0925793a3435
s365,train,s365_INJUSDT_1779992100000.png,f8f1f80fd1f87541
s367,train,s367_TIAUSDT_1779992100000.png,3c0f3869f3717d73
s379,train,s379_INJUSDT_1779993000000.png,5498d63d67fcec9a
s391,train,s391_PUMPUSDT_1779993900000.png,7eb23bd09ee22c77
s397,train,s397_FETUSDT_1779993900000.png,3149bee7d4d722e5
s457,train,s457_ARBUSDT_1780000200000.png,1a303b42c9335332
s458,train,s458_JUPUSDT_1780000200000.png,0c29b871bfa6a433
s462,train,s462_JUPUSDT_1780002900000.png,c27bd6a9d0b2fda8
s463,testB,s463_AXSUSDT_1780002900000.png,edd3f0602f5d14ba
s464,train,s464_SEIUSDT_1780003800000.png,ab767bc472d61fc8
s465,train,s465_SEIUSDT_1780004700000.png,3c642c773b74e766
s467,train,s467_SEIUSDT_1780005600000.png,92e5917651c4e877
s468,train,s468_PENDLEUSDT_1780005600000.png,2e88e6acae29b8e0
s469,train,s469_SEIUSDT_1780006500000.png,a65866d731373eca
s470,train,s470_PENDLEUSDT_1780006500000.png,a4fae1360acbd1c8
s471,train,s471_SEIUSDT_1780007400000.png,f868d77acf880180
s472,train,s472_PENDLEUSDT_1780007400000.png,9f1567bf8e73258b
s473,train,s473_ONDOUSDT_1780007400000.png,0164aa004f5d68f3
s478,train,s478_SEIUSDT_1780011000000.png,fba03a03d8a12a3c
s479,train,s479_SEIUSDT_1780011900000.png,2e56f5a5fabdf00f
s480,testB,s480_STXUSDT_1780012800000.png,ae7afa4f40f3e067
s482,testB,s482_GRTUSDT_1780014600000.png,b65fd45ed0622a8b
s484,train,s484_FETUSDT_1780015500000.png,731b83f0ee6aad55
s485,testB,s485_STXUSDT_1780015500000.png,c3406c6f11f716dc
s489,testB,s489_ARUSDT_1780016400000.png,5cd4c5f5a706eae8
s493,testB,s493_AXSUSDT_1780017300000.png,db743202f512fd42
s494,train,s494_SEIUSDT_1780018200000.png,f38f7e663e8ae5da
s495,train,s495_PENDLEUSDT_1780018200000.png,03e4d5c5698a12cb
s498,train,s498_SEIUSDT_1780019100000.png,1a8e694a9400ada5
s499,train,s499_FETUSDT_1780019100000.png,48487185e4275999
s500,testB,s500_GRTUSDT_1780019100000.png,fbe58e6305891026
s501,train,s501_INJUSDT_1780020000000.png,556c49f454d2c72a
s502,train,s502_SEIUSDT_1780020000000.png,205b299c6a9fd8ef
s503,testB,s503_ARUSDT_1780020000000.png,86431fc7b0fb4e7e
s504,testB,s504_GRTUSDT_1780020000000.png,dbb1b053be608a0b
s506,train,s506_SEIUSDT_1780020900000.png,2b6c2346e3a7e95f
s510,train,s510_SEIUSDT_1780021800000.png,5e077ac3fa3af4d9
s515,train,s515_SEIUSDT_1780022700000.png,46aa1085280934ea
s520,testB,s520_ARUSDT_1780024500000.png,840593c905ea9c36
s523,train,s523_SEIUSDT_1780026300000.png,6dda2717f3f42f0c
s525,train,s525_SEIUSDT_1780027200000.png,7b69692de039f4e7
s529,testB,s529_AXSUSDT_1780030800000.png,16b98f9d3f886770
s530,testB,s530_GRTUSDT_1780031700000.png,95e4c57d759d2c82
s532,train,s532_INJUSDT_1780032600000.png,9ebfa9b3b9423bbc
s533,testB,s533_GRTUSDT_1780032600000.png,269d234755816d46
s539,train,s539_INJUSDT_1780034400000.png,5ce6718d8d18fd35
s544,testB,s544_AXSUSDT_1780035300000.png,a56cc7f782652065
s545,testB,s545_GRTUSDT_1780036200000.png,f6ca14e16ab61c58
s549,testB,s549_APEUSDT_1780037100000.png,c637ee952f68a447
s554,train,s554_SEIUSDT_1780041600000.png,a828eb1c6d019b70
s555,train,s555_ONDOUSDT_1780041600000.png,12825ae3f6051251
s556,train,s556_FETUSDT_1780041600000.png,81770f85c1a2c57d
s559,train,s559_SEIUSDT_1780042500000.png,c4028b026f1d0083
s560,train,s560_SEIUSDT_1780043400000.png,27c510c29307ffdf
s562,train,s562_SEIUSDT_1780044300000.png,c2f2229c1787f3d8
s563,train,s563_PENDLEUSDT_1780044300000.png,b7dec6d3bafd7d11
s570,train,s570_PENDLEUSDT_1780047900000.png,57740f1071d15ff5
s572,train,s572_PENDLEUSDT_1780048800000.png,aa33722a32b1ca44
s573,testB,s573_AXSUSDT_1780048800000.png,7e60cb81d7a70f2b
s574,train,s574_PENDLEUSDT_1780049700000.png,ab1e0434fb9633da
s575,testB,s575_AXSUSDT_1780049700000.png,d3cf69ce5d4b8371
s576,train,s576_PENDLEUSDT_1780050600000.png,afc99f7138ece419
s579,train,s579_XPLUSDT_1780052400000.png,c5ce7de61c7d103c
s583,train,s583_WLDUSDT_1780053300000.png,e7eee09a256ba98b
s585,testB,s585_AXSUSDT_1780053300000.png,38bde526c0970cd5
s587,train,s587_WLDUSDT_1780054200000.png,076c9a1fe11c44e7
s589,train,s589_WLDUSDT_1780055100000.png,302b6a21561831bd
s591,train,s591_WLDUSDT_1780056000000.png,aca98b47270fabb1
s593,train,s593_TIAUSDT_1780056000000.png,4d7f181f1637c533
s596,testB,s596_GRTUSDT_1780056000000.png,223c565b3efacbb3
s599,train,s599_SEIUSDT_1780056900000.png,e4fd3c1b8359306b
s600,train,s600_PENDLEUSDT_1780056900000.png,d8e8cab0c07c2675
s603,train,s603_PUMPUSDT_1780057800000.png,569371ee50f649f8
s608,train,s608_SEIUSDT_1780057800000.png,984c6a8b022b6595
s609,train,s609_PENDLEUSDT_1780057800000.png,a0b08d8f92e21578
s615,train,s615_ARBUSDT_1780058700000.png,c7cc051f7e1dbf22
s616,train,s616_TIAUSDT_1780058700000.png,e99375c07b601770
s617,train,s617_SEIUSDT_1780058700000.png,791187935480e0db
s618,train,s618_PENDLEUSDT_1780058700000.png,1ec6ee2101a8e3f4
s619,train,s619_ONDOUSDT_1780058700000.png,0a31b91af94dc13a
s620,train,s620_FETUSDT_1780058700000.png,11264c434219010c
s624,train,s624_ENAUSDT_1780059600000.png,a339f2cbb35405c9
s625,train,s625_ARBUSDT_1780059600000.png,579de8f72fe83af1
s627,train,s627_TIAUSDT_1780059600000.png,094b4556ac81731d
s628,train,s628_SEIUSDT_1780059600000.png,14e0ec6f4981e080
s629,train,s629_PENDLEUSDT_1780059600000.png,1abaae890b74d972
s630,train,s630_ONDOUSDT_1780059600000.png,2e79757cc43179e2
s631,train,s631_FETUSDT_1780059600000.png,4f88764b8ca92709
s633,testB,s633_LDOUSDT_1780059600000.png,5ef3ae329a3a5338
s638,train,s638_OPUSDT_1780060500000.png,77b1d8d3e71c1209
s641,train,s641_SEIUSDT_1780060500000.png,81c82cfeec5d7bf2
s644,train,s644_FETUSDT_1780060500000.png,17861d4cd36b5b75
s646,testB,s646_GRTUSDT_1780060500000.png,aa158177334e59d8
s653,train,s653_OPUSDT_1780061400000.png,23b3e4176f74f91f
s666,train,s666_OPUSDT_1780062300000.png,0278bb8dbcecbbab
s675,train,s675_ARBUSDT_1780063200000.png,af7777ff76484ef9
s677,train,s677_INJUSDT_1780063200000.png,97d6b804a1c0cf95
s683,testB,s683_LDOUSDT_1780063200000.png,b422b0ba85dc97b4
s685,train,s685_ARBUSDT_1780064100000.png,fcda0fe007895be3
s688,train,s688_TIAUSDT_1780064100000.png,359ce33702a9952e
s693,testB,s693_GRTUSDT_1780064100000.png,c974f95da69753c0
s694,testB,s694_LDOUSDT_1780064100000.png,7fc522ee39fcd32b
s695,train,s695_PUMPUSDT_1780065000000.png,f95b69e54345c9b9
s696,train,s696_ARBUSDT_1780065000000.png,dfded4743486c357
s697,train,s697_OPUSDT_1780065000000.png,b14eb2bfe0020637
s698,train,s698_SUIUSDT_1780065000000.png,22c180872cf35133
s699,train,s699_TIAUSDT_1780065000000.png,838e0a64fa46e750
s700,train,s700_SEIUSDT_1780065000000.png,20f7352bb0743729
s701,train,s701_ONDOUSDT_1780065000000.png,1c05b3763d191563
s702,train,s702_FETUSDT_1780065000000.png,1fa191bd301d062b
s704,testB,s704_STXUSDT_1780065000000.png,94a9d156d69634ab
s705,testB,s705_GRTUSDT_1780065000000.png,7bae0edb98c4ce8c
s706,testB,s706_LDOUSDT_1780065000000.png,da8d3206303df9aa
s707,testB,s707_SANDUSDT_1780065000000.png,2383e1d9dfb1eaea
s710,train,s710_XPLUSDT_1780067700000.png,e9678dacb496c1b5
s711,train,s711_ENAUSDT_1780067700000.png,25f1b8acc113f0cc
s712,train,s712_JUPUSDT_1780067700000.png,bc1ef1b486f38195
s714,train,s714_JUPUSDT_1780068600000.png,51b37f212e947863
s716,train,s716_0GUSDT_1780069500000.png,2f26a4e88d4cb56c
s721,train,s721_PUMPUSDT_1780070400000.png,34f49018c67acdab
s722,train,s722_0GUSDT_1780070400000.png,c7818208eb6657ef
s727,train,s727_FETUSDT_1780070400000.png,4930b347da2117c8
s745,train,s745_PUMPUSDT_1780073100000.png,f809b8141ff989db
s748,train,s748_OPUSDT_1780073100000.png,cb0a5e378bd7f33f
s749,train,s749_JUPUSDT_1780073100000.png,201ec3f564ca6fd0
s750,train,s750_PENDLEUSDT_1780073100000.png,157b81481147fb03
s754,train,s754_PUMPUSDT_1780074000000.png,4a1a28facc70a041
s755,train,s755_STBLUSDT_1780074000000.png,9f23669ac6521e65
s758,train,s758_OPUSDT_1780074000000.png,d5c383b0fc22e464
s760,train,s760_JUPUSDT_1780074000000.png,44f70d5f2d6e2e75
s761,train,s761_PENDLEUSDT_1780074000000.png,4a1c9d646d56f98b
s762,train,s762_ONDOUSDT_1780074000000.png,3c7139ac21c7237b
s770,train,s770_PUMPUSDT_1780074900000.png,a8a8e49c838e2ba1
s773,train,s773_ENAUSDT_1780074900000.png,dcad62dabfca87f4
s774,train,s774_OPUSDT_1780074900000.png,8063078822abd321
s775,train,s775_TIAUSDT_1780074900000.png,280b083700b232cb
s776,train,s776_SEIUSDT_1780074900000.png,e9fcd40265419cb3
s778,train,s778_PENDLEUSDT_1780074900000.png,9164337d6b84a91e
s786,train,s786_0GUSDT_1780075800000.png,fca0aefad92b7a8f
s787,train,s787_WLDUSDT_1780075800000.png,1aaaa6d16b84b8dc
s790,train,s790_TIAUSDT_1780075800000.png,c74162c71da8ae32
s845,train,s845_ENAUSDT_1780087500000.png,d96219e1ebc88889
s846,train,s846_SUIUSDT_1780087500000.png,c504b738db04e2e0
s847,train,s847_PENDLEUSDT_1780087500000.png,59f0a336f9537689
s848,train,s848_ONDOUSDT_1780087500000.png,11ef3851d94cde8d
s859,testB,s859_ARUSDT_1780089300000.png,9612e6fa811ea78b
s866,testB,s866_ARUSDT_1780090200000.png,25ae8abfa9d6edde
s868,train,s868_XPLUSDT_1780091100000.png,4d14e72108dbed1b
s876,testB,s876_ARUSDT_1780091100000.png,c65973d21d27cdd9
s921,train,s921_SEIUSDT_1780099200000.png,40f480d5160ecafb
s929,train,s929_SEIUSDT_1780100100000.png,2de54d23e8537c46
s930,train,s930_JUPUSDT_1780100100000.png,bf50541b093fe2b8
s938,train,s938_SEIUSDT_1780101000000.png,c4dfdc1075805219
s939,train,s939_JUPUSDT_1780101000000.png,93cfaf34f264a9b5
s946,train,s946_SEIUSDT_1780101900000.png,a97a43b553ab904f
s964,train,s964_STBLUSDT_1780104600000.png,f7b2e5a3b92f1e09
s968,train,s968_PUMPUSDT_1780105500000.png,6f1fea0d78e11df2
s970,train,s970_ENAUSDT_1780105500000.png,9c5773c737946eb2
s971,train,s971_ARBUSDT_1780105500000.png,2c7884301ce23eef
s972,train,s972_OPUSDT_1780105500000.png,f1d162fc57c5a055
s973,train,s973_SUIUSDT_1780105500000.png,2104f8fe4af8d78f
s974,train,s974_TIAUSDT_1780105500000.png,b52d8a8981926190
s984,train,s984_XPLUSDT_1780106400000.png,3ddecefbf157290d
s985,train,s985_PUMPUSDT_1780106400000.png,1d8e8ca90eac64a6
s986,train,s986_ENAUSDT_1780106400000.png,78b4d515fea73940
s987,train,s987_ARBUSDT_1780106400000.png,f1aad4d003213817
s988,train,s988_OPUSDT_1780106400000.png,f3eedf52b0d18116
s990,train,s990_TIAUSDT_1780106400000.png,29a82f4699e05c5e
s991,train,s991_SEIUSDT_1780106400000.png,17b6d61fb8ade6f8
s1021,train,s1021_PUMPUSDT_1780109100000.png,ba37a2bc1257a0ac
s1022,train,s1022_ENAUSDT_1780109100000.png,dbcf30c64d503b98
s1023,train,s1023_ARBUSDT_1780109100000.png,cc3e7dffd459c1b4
s1024,train,s1024_OPUSDT_1780109100000.png,1536b6e136b15df8
s1025,train,s1025_TIAUSDT_1780109100000.png,03d5326928c4776e
s1031,train,s1031_PUMPUSDT_1780110000000.png,5c9ff5cbd3642417
s1032,train,s1032_STBLUSDT_1780110000000.png,0ce0c13ae597d534
s1033,train,s1033_ENAUSDT_1780110000000.png,65e0c4f4e252984d
s1034,train,s1034_ARBUSDT_1780110000000.png,6e64a8fd782a1739
s1036,train,s1036_TIAUSDT_1780110000000.png,3c55e52837d35498
s1037,train,s1037_JUPUSDT_1780110000000.png,a1fa203b33ba88c5
s1044,train,s1044_STBLUSDT_1780110900000.png,8c27ea17a4d1c943
s1060,train,s1060_ARBUSDT_1780113600000.png,992382198a8af94e
s1066,train,s1066_INJUSDT_1780116300000.png,1fbcde17bc51c2c6
s1080,train,s1080_INJUSDT_1780120800000.png,e67fdd316eb58e95
s1084,train,s1084_INJUSDT_1780121700000.png,e7b20c8c3b125395
s1101,train,s1101_XPLUSDT_1780125300000.png,584dfad7d36ac9c7
s1113,train,s1113_WLDUSDT_1780128900000.png,b716380559e59ad3
s1120,train,s1120_FETUSDT_1780130700000.png,9f7beef310ac1966
s1123,train,s1123_FETUSDT_1780131600000.png,fdec10a614ec43bd
s1126,train,s1126_STBLUSDT_1780132500000.png,077d557f53087c9b
s1127,train,s1127_FETUSDT_1780132500000.png,3df5454c9cb29c4b
s1132,train,s1132_FETUSDT_1780133400000.png,598e84d350d6a1fb
s1153,train,s1153_FETUSDT_1780140600000.png,1c1af0a9a82923ad
s1155,train,s1155_WLDUSDT_1780141500000.png,cb5570281b33f054
s1157,train,s1157_WLDUSDT_1780142400000.png,299c0b87855c3caf
s1160,train,s1160_WLDUSDT_1780143300000.png,05c30e4aa2742ee8
s1161,train,s1161_FETUSDT_1780143300000.png,29f5e1459febe739
s1162,train,s1162_WLDUSDT_1780144200000.png,0d77e02acf137093
s1988,train,s1988_ASTERUSDT_1780326900000.png,7947d852b1bc6244
s1989,train,s1989_PUMPUSDT_1780326900000.png,29b555338c5d3edd
s1990,train,s1990_ARBUSDT_1780326900000.png,985aa8cd20a041cf
s1991,train,s1991_SUIUSDT_1780326900000.png,a81cad295b662015
s1992,train,s1992_JUPUSDT_1780326900000.png,52b2ec34965d09a1
s1993,testB,s1993_STXUSDT_1780326900000.png,c89a8f297a04f307
s1994,testB,s1994_GRTUSDT_1780326900000.png,fc02f9a815614f9c
s1995,testB,s1995_LDOUSDT_1780326900000.png,4c1b007b72b0ad97
s2371,train,s2371_ASTERUSDT_1780409700000.png,e9f1f07fb585b65d
s2372,train,s2372_PUMPUSDT_1780409700000.png,abaa7684863fb06d
s2373,train,s2373_STBLUSDT_1780409700000.png,ede7a6c27fd9a565
s2374,train,s2374_0GUSDT_1780409700000.png,3455466f8dcdf6d5
s2375,train,s2375_ENAUSDT_1780409700000.png,0dad179559c7d4be
s2376,train,s2376_ARBUSDT_1780409700000.png,02e9f6a0a0b4c831
s2377,train,s2377_OPUSDT_1780409700000.png,da02d816129ad876
s2378,train,s2378_TIAUSDT_1780409700000.png,de5b1943c0bc0c2e
s2379,train,s2379_JUPUSDT_1780409700000.png,0aee8ad7dc403219
s2380,testB,s2380_ARUSDT_1780409700000.png,f53f66e03413980e
s2381,testB,s2381_STXUSDT_1780409700000.png,b79352df044d6352
s2382,testB,s2382_LDOUSDT_1780409700000.png,ec811fac04d47e87
s2383,testB,s2383_SANDUSDT_1780409700000.png,689143b0ae461622
s2384,testB,s2384_MANAUSDT_1780409700000.png,dfbd02207cfd0483
s2385,train,s2385_ASTERUSDT_1780410600000.png,a3f3fa9761274f9f
s2386,train,s2386_PUMPUSDT_1780410600000.png,935f07a35b0012b7
s2387,train,s2387_0GUSDT_1780410600000.png,7a55ca6ffc376625
s2388,train,s2388_PENDLEUSDT_1780410600000.png,3f184b9dc37609ef
s2389,testB,s2389_STXUSDT_1780410600000.png,2a062405786c6902
s2390,testB,s2390_LDOUSDT_1780410600000.png,403e568a3dcbea46
s2391,testB,s2391_SANDUSDT_1780410600000.png,2e74f9f6ade28272
s2392,testB,s2392_MANAUSDT_1780410600000.png,57bdc637909eac64
s2393,train,s2393_ASTERUSDT_1780411500000.png,a07d32d008fcde82
s2394,train,s2394_PUMPUSDT_1780411500000.png,28ba4604fc48bd61
s2395,train,s2395_STBLUSDT_1780411500000.png,9311d33870b61f7d
s2396,train,s2396_0GUSDT_1780411500000.png,11a5bb22f4b178cd
s2397,train,s2397_ENAUSDT_1780411500000.png,36f156625dcc4c03
s2398,train,s2398_ARBUSDT_1780411500000.png,0a1ed633927e57d2
s2399,train,s2399_OPUSDT_1780411500000.png,05177e925bee1cd2
s2400,train,s2400_TIAUSDT_1780411500000.png,6a17ae47d21372ce
s2401,train,s2401_JUPUSDT_1780411500000.png,834da5e8190a88b6
s2402,train,s2402_PENDLEUSDT_1780411500000.png,e3cf9d4c8552b4b3
s2403,testB,s2403_STXUSDT_1780411500000.png,975d8458d7848b53
s2404,testB,s2404_GRTUSDT_1780411500000.png,3c5f3e010869723f
s2405,testB,s2405_LDOUSDT_1780411500000.png,7e2746af1e584148
s2406,testB,s2406_SANDUSDT_1780411500000.png,f36cbd32fdd3cdbc
s2407,testB,s2407_MANAUSDT_1780411500000.png,8df9bd5803bc2fa6
s2408,train,s2408_ASTERUSDT_1780412400000.png,b3014df27209a064
s2409,train,s2409_PUMPUSDT_1780412400000.png,c703e7d37b2a67a8
s2410,train,s2410_STBLUSDT_1780412400000.png,edba79f9cbf3b7c8
s2411,train,s2411_0GUSDT_1780412400000.png,904af763dc9b02d8
s2412,train,s2412_WLDUSDT_1780412400000.png,4c8cbbaaf06f7969
s2413,train,s2413_ARBUSDT_1780412400000.png,862eef9d550104eb
s2414,train,s2414_OPUSDT_1780412400000.png,79b0d157429b7890
s2415,train,s2415_SUIUSDT_1780412400000.png,e5c89380b6845708
s2416,train,s2416_TIAUSDT_1780412400000.png,049a7ec30e6ecdb5
s2417,train,s2417_JUPUSDT_1780412400000.png,b1301f9149810e72
s2418,train,s2418_PENDLEUSDT_1780412400000.png,6217eb3c650c31be
s2419,testB,s2419_STXUSDT_1780412400000.png,674c8a7247adb07b
s2420,testB,s2420_GRTUSDT_1780412400000.png,7daaffb3d7525af4
s2421,testB,s2421_LDOUSDT_1780412400000.png,959d856209e1bf83
s2422,testB,s2422_SANDUSDT_1780412400000.png,9d27b80e87b1d96b
s2423,testB,s2423_MANAUSDT_1780412400000.png,33f45ae3e3a227d3
s2424,train,s2424_ASTERUSDT_1780413300000.png,57de41ac29724e01
s2425,train,s2425_STBLUSDT_1780413300000.png,98d1aef412e3d896
s2426,train,s2426_0GUSDT_1780413300000.png,c1e10da588aaf15a
s2427,train,s2427_WLDUSDT_1780413300000.png,6f258125f666bbb0
s2428,train,s2428_ENAUSDT_1780413300000.png,f38b54aa9b961a3a
s2429,train,s2429_ARBUSDT_1780413300000.png,7081b41ab81fe370
s2430,train,s2430_SUIUSDT_1780413300000.png,88bf05520aca13c7
s2431,train,s2431_TIAUSDT_1780413300000.png,3e376727a75fb939
s2432,train,s2432_JUPUSDT_1780413300000.png,a76b37da9596b03f
s2433,train,s2433_FETUSDT_1780413300000.png,711bba17bf572121
s2434,testB,s2434_STXUSDT_1780413300000.png,5728866d1f495ceb
s2435,testB,s2435_GRTUSDT_1780413300000.png,d6616238e2e921e4
s2436,testB,s2436_LDOUSDT_1780413300000.png,f446184f3ba7c321
s2437,testB,s2437_SANDUSDT_1780413300000.png,a71086f1bcc3a7d5
s2438,testB,s2438_MANAUSDT_1780413300000.png,339ba1bcf8bc6d18
s2439,train,s2439_ASTERUSDT_1780414200000.png,c4c5065f0eec4f32
s2440,train,s2440_0GUSDT_1780414200000.png,cf02a1409a3f6cab
s2441,train,s2441_WLDUSDT_1780414200000.png,4bdfd93b4305f209
s2442,train,s2442_ENAUSDT_1780414200000.png,ff7988ec78e39878
s2443,train,s2443_ARBUSDT_1780414200000.png,0c3b792165cf09b6
s2444,train,s2444_INJUSDT_1780414200000.png,91d504ec1c6ea7fc
s2445,train,s2445_SUIUSDT_1780414200000.png,3b636a123f67507c
s2446,train,s2446_FETUSDT_1780414200000.png,01a538d9d6a60632
s2447,testB,s2447_STXUSDT_1780414200000.png,94b96ae2ec7f25fe
s2448,testB,s2448_GRTUSDT_1780414200000.png,ff0106e9bc0017d3
s2449,testB,s2449_LDOUSDT_1780414200000.png,802785a15d1788ae
s2450,testB,s2450_SANDUSDT_1780414200000.png,23a35392e929e7d1
s2451,testB,s2451_MANAUSDT_1780414200000.png,ca11c2b72361347c
s2452,train,s2452_ASTERUSDT_1780415100000.png,2f669f26ea583ef0
s2453,train,s2453_0GUSDT_1780415100000.png,8fab320174749893
s2454,train,s2454_ENAUSDT_1780415100000.png,9dc97541bb84a456
s2455,train,s2455_ARBUSDT_1780415100000.png,ab5656e451b37088
s2456,train,s2456_SUIUSDT_1780415100000.png,0205db7abbdc02a0
s2457,train,s2457_TIAUSDT_1780415100000.png,d52102eec8f5166b
s2458,train,s2458_JUPUSDT_1780415100000.png,0e24e9facd69b532
s2459,train,s2459_FETUSDT_1780415100000.png,2677e4718717adea
s2460,testB,s2460_STXUSDT_1780415100000.png,4de21e0edebf431c
s2461,testB,s2461_GRTUSDT_1780415100000.png,e424e1e856f6d9c8
s2462,testB,s2462_LDOUSDT_1780415100000.png,e77fbf16652b3a26
s2463,testB,s2463_SANDUSDT_1780415100000.png,e500ad3e82c487af
s2464,testB,s2464_MANAUSDT_1780415100000.png,12836b8f0933ccc8
s2465,train,s2465_0GUSDT_1780416000000.png,7c5d5097e56a0442
s2466,testB,s2466_GRTUSDT_1780416000000.png,3544a2bfbdf60f40
s2467,testB,s2467_SANDUSDT_1780416000000.png,368e1a1ae41f76cf
s2468,testB,s2468_MANAUSDT_1780416000000.png,444a5243fbeb0580
s2469,train,s2469_0GUSDT_1780416900000.png,af905054a0723c02
s2470,testB,s2470_GRTUSDT_1780416900000.png,c5138ca9aa63223e
s2471,testB,s2471_SANDUSDT_1780416900000.png,bd672f48eb4778c2
s2472,train,s2472_0GUSDT_1780417800000.png,c3cd079f3454f4e3
s2473,testB,s2473_GRTUSDT_1780417800000.png,5c1f4f3789c78dab
s2474,testB,s2474_LDOUSDT_1780417800000.png,2801de87058610f1
s2475,testB,s2475_SANDUSDT_1780417800000.png,336ea3d079c676b1
s2476,testB,s2476_MANAUSDT_1780417800000.png,13b698e858a99410
s2477,train,s2477_XPLUSDT_1780418700000.png,7768193ae9ac5333
s2478,train,s2478_0GUSDT_1780418700000.png,c3591861cc1c8c75
s2479,train,s2479_PENDLEUSDT_1780418700000.png,bedae9ffdad75e7c
s2480,train,s2480_FETUSDT_1780418700000.png,ad94c7a35f2bc8ac
s2481,testB,s2481_ARUSDT_1780418700000.png,62343b5378c9264d
s2482,testB,s2482_STXUSDT_1780418700000.png,f4f98d3e0edbfc34
s2483,testB,s2483_GRTUSDT_1780418700000.png,b541c9dad1d4e249
s2484,testB,s2484_LDOUSDT_1780418700000.png,9305730e640a5732
s2485,testB,s2485_SANDUSDT_1780418700000.png,cfd102b8fb45a774
s2486,testB,s2486_MANAUSDT_1780418700000.png,cd5a6420b8a7cb04
s2487,train,s2487_0GUSDT_1780419600000.png,3f043c2a84508d48
s2488,testB,s2488_GRTUSDT_1780419600000.png,00e5623431580827
s2489,testB,s2489_LDOUSDT_1780419600000.png,8907c3f10c8faa0f
s2490,testB,s2490_SANDUSDT_1780419600000.png,1512b5c3f76246a2
s2493,testB,s2493_GRTUSDT_1780421400000.png,73fd8d93d33021af
s2494,testB,s2494_LDOUSDT_1780421400000.png,e734d035448a994f
s2495,testB,s2495_SANDUSDT_1780421400000.png,6e1a132453249a8d
s2613,train,s2613_PUMPUSDT_1780471800000.png,056b8952bf364000
s2614,train,s2614_STBLUSDT_1780471800000.png,e7cffa93fcf9ee35
s2615,train,s2615_0GUSDT_1780471800000.png,829b2c146be15134
s2616,train,s2616_ARBUSDT_1780471800000.png,dcc35251f4f6e2b7
s2617,train,s2617_INJUSDT_1780471800000.png,b1eac95107b03fb4
s2618,train,s2618_SUIUSDT_1780471800000.png,323e9ec78ea9e4d9
s2619,train,s2619_TIAUSDT_1780471800000.png,22ab88e26d9dcf66
s2620,train,s2620_SEIUSDT_1780471800000.png,636b83a57892004e
s2621,train,s2621_JUPUSDT_1780471800000.png,fc97a7644611b16a
s2622,train,s2622_PENDLEUSDT_1780471800000.png,398079952c27f812
s2623,train,s2623_FETUSDT_1780471800000.png,c87a22feb6eae21d
s2624,testB,s2624_ARUSDT_1780471800000.png,4b6ebaaa2db01fda
s2625,testB,s2625_STXUSDT_1780471800000.png,a532cc10d963269e
s2626,testB,s2626_GRTUSDT_1780471800000.png,f5ce09ad5432a06a
s2627,testB,s2627_LDOUSDT_1780471800000.png,077d1f3febdd100c
s2628,testB,s2628_SANDUSDT_1780471800000.png,f72b8b69183e41b7
s2629,testB,s2629_MANAUSDT_1780471800000.png,c12398df8e97e75a
s2630,testB,s2630_AXSUSDT_1780471800000.png,52d86d12e7bdfab2
s2631,testB,s2631_APEUSDT_1780471800000.png,e8e61e697601367d
s2632,train,s2632_XPLUSDT_1780472700000.png,c30da5166e9af061
s2633,train,s2633_PUMPUSDT_1780472700000.png,db105dd14ffd07f6
s2634,train,s2634_STBLUSDT_1780472700000.png,c5ae01ce38d18306
s2635,train,s2635_0GUSDT_1780472700000.png,809a52664a9e61b0
s2636,train,s2636_ARBUSDT_1780472700000.png,5224a7ad6cad642c
s2637,train,s2637_SUIUSDT_1780472700000.png,b72a470eaeb1e0ce
s2638,train,s2638_TIAUSDT_1780472700000.png,d7a2e7fb3d88ae8a
s2639,train,s2639_SEIUSDT_1780472700000.png,002d91e52fbc87db
s2640,train,s2640_JUPUSDT_1780472700000.png,99fad08abeadc933
s2641,train,s2641_PENDLEUSDT_1780472700000.png,c0de5b454d93e8ae
s2642,train,s2642_ONDOUSDT_1780472700000.png,4452f0f336324221
s2643,train,s2643_FETUSDT_1780472700000.png,47c012c87350dbab
s2644,testB,s2644_ARUSDT_1780472700000.png,4bcdfca08596e6ed
s2645,testB,s2645_STXUSDT_1780472700000.png,31d901ca3fd540ed
s2646,testB,s2646_GRTUSDT_1780472700000.png,f05e7d83a452b3cb
s2647,testB,s2647_LDOUSDT_1780472700000.png,9bd81fabdbe6111a
s2648,testB,s2648_SANDUSDT_1780472700000.png,57f7eeb7b3f631a1
s2649,testB,s2649_MANAUSDT_1780472700000.png,01c52ab92e062f94
s2650,testB,s2650_AXSUSDT_1780472700000.png,707b1fe5aaed1c49
s2651,testB,s2651_APEUSDT_1780472700000.png,1c5675ab5ac82f51
s2778,train,s2778_ARBUSDT_1780503300000.png,b2546d021edc03b2
s2779,train,s2779_OPUSDT_1780503300000.png,643b777b2db39c6b
s2780,train,s2780_TIAUSDT_1780503300000.png,82af31a1b16e19d5
s2781,train,s2781_SEIUSDT_1780503300000.png,9f90fe3db1b62e7c
s2782,train,s2782_PENDLEUSDT_1780503300000.png,e2b656ed07e40a5b
s2783,testB,s2783_LDOUSDT_1780503300000.png,e2179c6186b80dbf
s2784,testB,s2784_AXSUSDT_1780503300000.png,55f9f3145a52acfe
s2794,train,s2794_ARBUSDT_1780506000000.png,86937cba3430ee8c
s2795,train,s2795_OPUSDT_1780506000000.png,40a3612797c4101e
s2796,train,s2796_INJUSDT_1780506000000.png,7f8c8946c9397d97
s2797,train,s2797_TIAUSDT_1780506000000.png,67625d6f0e637fde
s2798,train,s2798_SEIUSDT_1780506000000.png,d24130741b063824
s2799,train,s2799_PENDLEUSDT_1780506000000.png,49ac902820822a95
s2800,testB,s2800_STXUSDT_1780506000000.png,d7df9f26f808bf44
s2801,testB,s2801_GRTUSDT_1780506000000.png,78a02d1c92321b67
s2802,testB,s2802_LDOUSDT_1780506000000.png,dfe65ceefe2c78e0
s2803,testB,s2803_SANDUSDT_1780506000000.png,73f8d8c8f9955ba6
s2829,train,s2829_SEIUSDT_1780527600000.png,9507a4134a3e67e5
s2831,train,s2831_STBLUSDT_1780529400000.png,7f54ffb764101d70
s2832,train,s2832_SEIUSDT_1780529400000.png,cc8c35132557dff7
s2833,train,s2833_SEIUSDT_1780530300000.png,46039334f63b3f1b
s2835,train,s2835_SEIUSDT_1780532100000.png,cf9068553ecdd7fb
s2836,train,s2836_JUPUSDT_1780532100000.png,83e7d4573b0e9000
s2837,train,s2837_INJUSDT_1780534800000.png,482663eb45038226
s2838,train,s2838_SEIUSDT_1780534800000.png,1cd275295eec24f3
s2839,train,s2839_STBLUSDT_1780535700000.png,a49ada31c352ae38
s2840,train,s2840_0GUSDT_1780535700000.png,676ee05dbd61562d
s2841,train,s2841_ARBUSDT_1780535700000.png,3ddf9e89fbb06270
s2842,train,s2842_INJUSDT_1780535700000.png,fba41d3dff9b228c
s2843,train,s2843_SEIUSDT_1780535700000.png,2f68d26d759ee788
s2845,testB,s2845_GRTUSDT_1780535700000.png,4be1f3efd53ed969
s2844,testB,s2844_STXUSDT_1780535700000.png,6ae12b31196d1acd
s2846,testB,s2846_MANAUSDT_1780535700000.png,77226db7bbe8a60c
s2847,testB,s2847_AXSUSDT_1780535700000.png,1a66aecf8b7851f2
s2848,train,s2848_STBLUSDT_1780536600000.png,681f3af18d800106
s2849,train,s2849_0GUSDT_1780536600000.png,09cbc52b374d9f09
s2850,train,s2850_ARBUSDT_1780536600000.png,7f2432c37d1149d2
s2851,train,s2851_OPUSDT_1780536600000.png,1bb68066a9bcc901
s2852,train,s2852_INJUSDT_1780536600000.png,6f70ff79161ae071
s2853,train,s2853_TIAUSDT_1780536600000.png,0acf99eb68565040
s2854,train,s2854_SEIUSDT_1780536600000.png,475f1aa226067011
s2861,train,s2861_ARBUSDT_1780537500000.png,80da7b236e58d48b
s2862,train,s2862_INJUSDT_1780537500000.png,0e4e9348c7a1558e
s2863,train,s2863_SUIUSDT_1780537500000.png,6e9b35cfbb0fbaec
s2864,train,s2864_FETUSDT_1780537500000.png,96c14940a23c1ac0
s2867,train,s2867_ASTERUSDT_1780538400000.png,d374327b0d4c626a
s2868,testB,s2868_MANAUSDT_1780538400000.png,1e00a6c88b10ba71
s2871,train,s2871_PUMPUSDT_1780552800000.png,4184fc6060d6aae6
s2872,testB,s2872_ARUSDT_1780552800000.png,419af66f47f55a95
s2873,testB,s2873_LDOUSDT_1780552800000.png,81d0934c395050c1
s2874,train,s2874_PENDLEUSDT_1780553700000.png,9a18a659750c31a2
s2966,train,s2966_ASTERUSDT_1780565400000.png,1619a750b6ee446a
s2967,train,s2967_STBLUSDT_1780565400000.png,fc9872e9de69ca05
s2968,train,s2968_ARBUSDT_1780565400000.png,58b0585f18b211ed
s2969,train,s2969_OPUSDT_1780565400000.png,9603d64767923b7d
s2970,train,s2970_TIAUSDT_1780565400000.png,79883fb6809ecf85
s2971,train,s2971_SEIUSDT_1780565400000.png,1459dde61cd7388a
s2972,train,s2972_JUPUSDT_1780565400000.png,43b34d8593ea6314
s2973,train,s2973_PENDLEUSDT_1780565400000.png,3a043b4361dc4397
s2987,train,s2987_XPLUSDT_1780567200000.png,7f199822347207ff
s2988,train,s2988_STBLUSDT_1780567200000.png,40f88747a3fc661c
s2989,train,s2989_ARBUSDT_1780567200000.png,613b0bb4c46518d1
s2990,train,s2990_OPUSDT_1780567200000.png,d6e041d33d67a21f
s2991,train,s2991_TIAUSDT_1780567200000.png,310e2e423579f7cb
s2992,train,s2992_SEIUSDT_1780567200000.png,b93e7aeb39933d90
s2993,train,s2993_JUPUSDT_1780567200000.png,28cbdbd12e72e1a3
s2994,train,s2994_PENDLEUSDT_1780567200000.png,d3440adb41fa165c
s3001,train,s3001_XPLUSDT_1780568100000.png,c0637d7a2a3b72ca
s3002,train,s3002_STBLUSDT_1780568100000.png,1c65056c6d1781a6
s3003,train,s3003_ARBUSDT_1780568100000.png,25458e14083d1748
s3004,train,s3004_OPUSDT_1780568100000.png,625e59ea6f41242d
s3005,train,s3005_TIAUSDT_1780568100000.png,d9773ae1a3504efa
s3006,train,s3006_SEIUSDT_1780568100000.png,549bc2bcde9bab2c
s3007,train,s3007_JUPUSDT_1780568100000.png,ef1e9897d90f14ba
s3008,train,s3008_PENDLEUSDT_1780568100000.png,0d5823b4d1310a88
s3010,testB,s3010_STXUSDT_1780568100000.png,62d395b7456ed5d9
s3013,testB,s3013_SANDUSDT_1780568100000.png,da4e4e8e7519ab43
s3017,train,s3017_XPLUSDT_1780569000000.png,11a4523ff702be23
s3018,train,s3018_PUMPUSDT_1780569000000.png,a043e2648585abe6
s3019,train,s3019_STBLUSDT_1780569000000.png,0ba5889808129514
s3020,train,s3020_ENAUSDT_1780569000000.png,7a2545af41a70c8a
s3021,train,s3021_ARBUSDT_1780569000000.png,950c2abcef05cf0c
s3022,train,s3022_OPUSDT_1780569000000.png,fcefb18d74b8208d
s3023,train,s3023_INJUSDT_1780569000000.png,83d0a9f82cbfb593
s3024,train,s3024_SUIUSDT_1780569000000.png,73bbaede1266e83c
s3025,train,s3025_TIAUSDT_1780569000000.png,84ecf5087ff4dccf
s3026,train,s3026_SEIUSDT_1780569000000.png,b810fbf9b966fce1
s3027,train,s3027_JUPUSDT_1780569000000.png,e942135f0b90c437
s3028,testB,s3028_STXUSDT_1780569000000.png,ee67e9573b277d62
s3034,train,s3034_XPLUSDT_1780569900000.png,38440e48631ddca8
s3035,train,s3035_PUMPUSDT_1780569900000.png,12a816768762ae1e
s3036,train,s3036_STBLUSDT_1780569900000.png,1d660eb011855846
s3037,train,s3037_0GUSDT_1780569900000.png,6f5c96c0bcfc16d4
s3038,train,s3038_ARBUSDT_1780569900000.png,3842a12cf66ab829
s3039,train,s3039_OPUSDT_1780569900000.png,23e273d25bf3f1ed
s3040,train,s3040_INJUSDT_1780569900000.png,1b4b8e62cf5edd46
s3041,train,s3041_SUIUSDT_1780569900000.png,6f2285ec7aa62126
s3042,train,s3042_TIAUSDT_1780569900000.png,e3627f1452ffc347
s3043,train,s3043_SEIUSDT_1780569900000.png,7e0608ff248cf7a0
s3044,train,s3044_JUPUSDT_1780569900000.png,2a51be0b46ec9621
s3045,testB,s3045_STXUSDT_1780569900000.png,eb126b7420ecacdc
s3052,train,s3052_XPLUSDT_1780570800000.png,1c5c82f605f29151
s3053,train,s3053_STBLUSDT_1780570800000.png,ed2c3d5d0834be10
s3054,train,s3054_ARBUSDT_1780570800000.png,eb8338a3f168ce0c
s3055,train,s3055_OPUSDT_1780570800000.png,3da9031f618c90f5
s3056,train,s3056_INJUSDT_1780570800000.png,cbaacadc6bc0d36a
s3057,train,s3057_SUIUSDT_1780570800000.png,dd39aaa3884f2f95
s3058,train,s3058_TIAUSDT_1780570800000.png,ae3668344e639675
s3059,train,s3059_SEIUSDT_1780570800000.png,4f4ca4cb44b281e9
s3060,train,s3060_JUPUSDT_1780570800000.png,a3802f3862d9aeb3
s3061,testB,s3061_STXUSDT_1780570800000.png,1dd7d822222cfea7
s3062,testB,s3062_GRTUSDT_1780570800000.png,da296edb0174249d
s3063,testB,s3063_LDOUSDT_1780570800000.png,db320cf12b10651b
s3066,testB,s3066_AXSUSDT_1780570800000.png,c29db15d5b0537f5
s3067,testB,s3067_APEUSDT_1780570800000.png,1eacfd084cedcef6
s3074,train,s3074_PUMPUSDT_1780572600000.png,ff4f4d38561f76d1
s3075,train,s3075_STBLUSDT_1780572600000.png,46284e69d1d280b4
s3076,train,s3076_ARBUSDT_1780572600000.png,02b89b12a4fda1d3
s3077,train,s3077_INJUSDT_1780572600000.png,cc1cfadc10d1f597
s3078,train,s3078_SUIUSDT_1780572600000.png,69d4906cc1134377
s3079,train,s3079_TIAUSDT_1780572600000.png,4cd09d6d82ab29b7
s3080,train,s3080_ONDOUSDT_1780572600000.png,471ea4d8105df259
s3081,train,s3081_FETUSDT_1780572600000.png,82b69ede45b62576
s3106,train,s3106_ARBUSDT_1780581600000.png,f30380eab4b30c8a
s3107,train,s3107_OPUSDT_1780581600000.png,b5dc23d54518640c
s3108,train,s3108_INJUSDT_1780581600000.png,1e0dde4299989563
s3109,train,s3109_JUPUSDT_1780581600000.png,58633c297bad48a8
s3110,train,s3110_PENDLEUSDT_1780581600000.png,29180d44319174a0
s3111,train,s3111_ONDOUSDT_1780581600000.png,e0999942a30ac178
s3112,testB,s3112_ARUSDT_1780581600000.png,77d5475bbf7e3516
s3113,testB,s3113_GRTUSDT_1780581600000.png,e73fd5bacf3a5b16
s3114,testB,s3114_SANDUSDT_1780581600000.png,aaef4c1759d79b59
s3115,testB,s3115_MANAUSDT_1780581600000.png,23316ec0d88d6593
s3116,testB,s3116_AXSUSDT_1780581600000.png,95a30b8e26e38937
s3117,train,s3117_ARBUSDT_1780582500000.png,67858924e3c002b0
s3118,train,s3118_OPUSDT_1780582500000.png,7d562ce304bbda71
s3119,train,s3119_INJUSDT_1780582500000.png,4f6d4877fdd0dd38
s3120,train,s3120_JUPUSDT_1780582500000.png,01a355d82ff1b0cf
s3121,testB,s3121_GRTUSDT_1780582500000.png,85ebb415495aa05c
s3122,testB,s3122_SANDUSDT_1780582500000.png,77ddb2449a8681a2
s3123,testB,s3123_MANAUSDT_1780582500000.png,8693abfa14240fe8
s3124,train,s3124_ENAUSDT_1780583400000.png,0ef9dc0c2418dfed
s3125,train,s3125_INJUSDT_1780583400000.png,457ad9f5508a38e0
s3126,train,s3126_ONDOUSDT_1780583400000.png,e5b51b6eec8da52b
s3127,testB,s3127_SANDUSDT_1780583400000.png,2f736fbb7d041331
s3128,testB,s3128_MANAUSDT_1780583400000.png,c13f6ca49d922235
s3129,train,s3129_ARBUSDT_1780584300000.png,f2a2396338e995a2
s3130,train,s3130_OPUSDT_1780584300000.png,394b0cad5ced8a98
s3131,train,s3131_INJUSDT_1780584300000.png,0bfdc9744d454e2c
s3132,train,s3132_JUPUSDT_1780584300000.png,2318e4e461abcd37
s3133,testB,s3133_ARUSDT_1780584300000.png,791f349f5b1d3b40
s3134,testB,s3134_GRTUSDT_1780584300000.png,bbe789a8b8b331ee
s3135,testB,s3135_SANDUSDT_1780584300000.png,e541a96905ad5ba4
s3136,testB,s3136_MANAUSDT_1780584300000.png,51103dee5f968067
s3137,testB,s3137_AXSUSDT_1780584300000.png,723e71ff8362dd29
s3138,testB,s3138_APEUSDT_1780584300000.png,4dc10497aa70bb6c
s3139,train,s3139_ASTERUSDT_1780585200000.png,04f49ed0f28a01bb
s3140,train,s3140_XPLUSDT_1780585200000.png,5bd74018408783b0
s3141,train,s3141_PUMPUSDT_1780585200000.png,f12b7b70baf8d4ce
s3142,train,s3142_0GUSDT_1780585200000.png,31785ce21a2ab0e1
s3143,train,s3143_ARBUSDT_1780585200000.png,76801f1cb51ce9c5
s3144,train,s3144_SUIUSDT_1780585200000.png,2cbcf9aaf1f53a21
s3145,train,s3145_TIAUSDT_1780585200000.png,914e20507a43ca13
s3146,train,s3146_SEIUSDT_1780585200000.png,e14dfff603eafcbc
s3147,train,s3147_JUPUSDT_1780585200000.png,0801abcae3abdea8
s3148,train,s3148_PENDLEUSDT_1780585200000.png,90b766e06aca58d3
s3149,train,s3149_FETUSDT_1780585200000.png,61b662fc20f82508
s3150,testB,s3150_GRTUSDT_1780585200000.png,c0cbc51b1c54e51a
s3151,testB,s3151_LDOUSDT_1780585200000.png,f2d6341be06cfcbe
s3152,testB,s3152_SANDUSDT_1780585200000.png,e222db8497e49e8c
s3153,testB,s3153_MANAUSDT_1780585200000.png,972b9dc404afa9c0
s3154,testB,s3154_AXSUSDT_1780585200000.png,b5d094025e065ebb
s3155,testB,s3155_APEUSDT_1780585200000.png,24c14e5223fb2c80
s3156,train,s3156_XPLUSDT_1780586100000.png,e38504b58db7ec07
s3157,train,s3157_ARBUSDT_1780586100000.png,614086a80b0c3e9e
s3158,train,s3158_OPUSDT_1780586100000.png,0adfa35c618ce760
s3159,train,s3159_TIAUSDT_1780586100000.png,24bde98b9526d31d
s3160,train,s3160_JUPUSDT_1780586100000.png,ce351dcaa7ff26c2
s3161,train,s3161_ONDOUSDT_1780586100000.png,f59e99f5f545dcb9
s3162,train,s3162_FETUSDT_1780586100000.png,b751831eda2d5824
s3163,testB,s3163_ARUSDT_1780586100000.png,4633ae59e7b7a07a
s3164,testB,s3164_GRTUSDT_1780586100000.png,e57b236a13da1b65
s3165,testB,s3165_SANDUSDT_1780586100000.png,74bb65e0302aa2bd
s3166,testB,s3166_MANAUSDT_1780586100000.png,ecb876b299126ba0
s3167,testB,s3167_AXSUSDT_1780586100000.png,2a8cb58dcb809665
s3168,train,s3168_XPLUSDT_1780587000000.png,ab6597bd610b2d10
s3169,train,s3169_ARBUSDT_1780587000000.png,4fc6ecce6e44451d
s3170,train,s3170_OPUSDT_1780587000000.png,a07dc03ee032c98c
s3171,train,s3171_SUIUSDT_1780587000000.png,3e5f9c1b750a557b
s3172,train,s3172_TIAUSDT_1780587000000.png,7d71bcaa7e59f63c
s3173,train,s3173_JUPUSDT_1780587000000.png,e3d5558c05434101
s3174,train,s3174_ONDOUSDT_1780587000000.png,884374c500f6ed8c
s3175,train,s3175_FETUSDT_1780587000000.png,3ca756eb61b27cfa
s3176,testB,s3176_ARUSDT_1780587000000.png,f9720de32377ba5a
s3177,testB,s3177_GRTUSDT_1780587000000.png,3fe40b975d159ec0
s3178,testB,s3178_SANDUSDT_1780587000000.png,dd4fd9f952bcf72d
s3179,testB,s3179_MANAUSDT_1780587000000.png,93de317ac967aef8
s3180,train,s3180_XPLUSDT_1780587900000.png,56a63972493ed376
s3182,train,s3182_TIAUSDT_1780587900000.png,d8c2ac95a96b06ed
s3183,train,s3183_JUPUSDT_1780587900000.png,6bdda8bd90045f1b
s3181,train,s3181_ARBUSDT_1780587900000.png,98529d214cff5468
s3184,train,s3184_ONDOUSDT_1780587900000.png,61e5e77da2fe9268
s3185,testB,s3185_ARUSDT_1780587900000.png,8ca295fc6fd0d3c1
s3186,testB,s3186_MANAUSDT_1780587900000.png,eb7ba7438e51d61c
s3497,train,s3497_PUMPUSDT_1780667100000.png,6f1bc64fd42afb64
s3498,train,s3498_0GUSDT_1780667100000.png,38c9b0fba855e2d3
s3499,train,s3499_ARBUSDT_1780667100000.png,e05f15f45aecda82
s3500,train,s3500_OPUSDT_1780667100000.png,de3e4977b8e0dc0d
s3501,train,s3501_TIAUSDT_1780667100000.png,bc15a7c495b324d9
s3502,train,s3502_SEIUSDT_1780667100000.png,039c10956da0eff7
s3503,train,s3503_JUPUSDT_1780667100000.png,85fdb1a8b86a5cfb
s3504,train,s3504_PENDLEUSDT_1780667100000.png,961af6cb374047c1
s3505,testB,s3505_ARUSDT_1780667100000.png,103ef016392db383
s3506,testB,s3506_STXUSDT_1780667100000.png,ae9ba31155a9afed
s3512,train,s3512_0GUSDT_1780668000000.png,f5c3ec389cf67394
s3513,train,s3513_OPUSDT_1780668000000.png,37cf58a9c5d1f83d
s3516,train,s3516_XPLUSDT_1780669800000.png,4443a0d5100b0c36
s3519,train,s3519_XPLUSDT_1780670700000.png,6bccbd059246278d
s3522,train,s3522_PUMPUSDT_1780671600000.png,25c6d13eb98fc345
s3523,train,s3523_0GUSDT_1780671600000.png,ff69869aac517bed
s3527,train,s3527_PUMPUSDT_1780672500000.png,5907b00416faa2e6
s3528,train,s3528_0GUSDT_1780672500000.png,7e83db4b7cb61c04
s3529,train,s3529_TIAUSDT_1780672500000.png,d8c754d5496be950
s3531,train,s3531_JUPUSDT_1780672500000.png,9c22f8bbb95e9ad4
s3543,train,s3543_TIAUSDT_1780674300000.png,4e224657c781156e
s3549,train,s3549_0GUSDT_1780675200000.png,30234b8f3b91e73e
s3553,train,s3553_OPUSDT_1780676100000.png,19771d906cfa0ad8
s3559,train,s3559_OPUSDT_1780679700000.png,019984eb3d816c9d
s3570,train,s3570_STBLUSDT_1780685100000.png,e48b9a2206be5dd8
s3571,train,s3571_0GUSDT_1780685100000.png,a8e1a9f97c4151d6
s3573,train,s3573_TIAUSDT_1780685100000.png,04682c448cdbec8e
s3574,train,s3574_SEIUSDT_1780685100000.png,7ecd49852f517525
s3575,train,s3575_JUPUSDT_1780685100000.png,2581259292f757b1
s3576,train,s3576_ONDOUSDT_1780685100000.png,98351c57a5465726
s3577,train,s3577_FETUSDT_1780685100000.png,4be663546105cdd9
s3581,train,s3581_STBLUSDT_1780686000000.png,45d556ec05cea0e2
s3582,train,s3582_0GUSDT_1780686000000.png,a34ca46f6e03042c
s3583,train,s3583_ARBUSDT_1780686000000.png,e462229955819892
s3584,train,s3584_SEIUSDT_1780686000000.png,bcf2756d3ba1ed32
s3585,train,s3585_JUPUSDT_1780686000000.png,4be835824a40b28e
s3586,train,s3586_FETUSDT_1780686000000.png,f25e1f188442bd6c
s3590,train,s3590_PENDLEUSDT_1780697700000.png,e5d725f4a3ae18b7
s3591,train,s3591_PENDLEUSDT_1780698600000.png,8eeacc4067823001
s3592,train,s3592_ASTERUSDT_1780699500000.png,eebd08c654315bed
s3593,train,s3593_PUMPUSDT_1780699500000.png,8290270027350c94
s3594,train,s3594_STBLUSDT_1780699500000.png,06ff6964c0bd0b4f
s3595,train,s3595_0GUSDT_1780699500000.png,27843abb309f1c0a
s3596,train,s3596_OPUSDT_1780699500000.png,c677f1b71f3a60d1
s3597,train,s3597_SUIUSDT_1780699500000.png,d97bb42a2b5f9607
s3598,train,s3598_TIAUSDT_1780699500000.png,359557331ef599f1
s3599,train,s3599_SEIUSDT_1780699500000.png,2bbefe52c0a01acc
s3600,train,s3600_JUPUSDT_1780699500000.png,72701d679fbb226c
s3601,train,s3601_PENDLEUSDT_1780699500000.png,f8107fbda364a525
s3602,train,s3602_FETUSDT_1780699500000.png,4859e7be0aae9a88
s3603,testB,s3603_STXUSDT_1780699500000.png,fe443e2eae974ff8
s3604,testB,s3604_GRTUSDT_1780699500000.png,457d3c2afa3fee83
s3605,testB,s3605_LDOUSDT_1780699500000.png,250e24b622812850
s3606,testB,s3606_SANDUSDT_1780699500000.png,3e16fffa9711d45b
s3607,testB,s3607_MANAUSDT_1780699500000.png,e7b0e9feaa65e13a
s3610,train,s3610_ASTERUSDT_1780700400000.png,f01bd6295b5f5eda
s3611,train,s3611_STBLUSDT_1780700400000.png,36051d6858f4ed17
s3612,train,s3612_0GUSDT_1780700400000.png,90b0d3cd743dea8f
s3613,train,s3613_ARBUSDT_1780700400000.png,f1df9aaf98d4f94c
s3614,train,s3614_OPUSDT_1780700400000.png,9c4fc497bdf1ad46
s3615,train,s3615_INJUSDT_1780700400000.png,e43316b50a044e5a
s3616,train,s3616_SUIUSDT_1780700400000.png,f69758a51c05adc4
s3617,train,s3617_TIAUSDT_1780700400000.png,826d3fbb321b7598
s3618,train,s3618_SEIUSDT_1780700400000.png,6887e9703fcc94af
s3619,train,s3619_JUPUSDT_1780700400000.png,70b0fb63849b3e14
s3620,train,s3620_PENDLEUSDT_1780700400000.png,11a2b90e0c384a2d
s3621,train,s3621_ONDOUSDT_1780700400000.png,503fb058f9d055af
s3622,train,s3622_FETUSDT_1780700400000.png,e770dba47c43aa53
s3663,train,s3663_PUMPUSDT_1780718400000.png,7ac1aa3fef05b504
s3664,train,s3664_STBLUSDT_1780718400000.png,af7b291a49278143
s3665,train,s3665_0GUSDT_1780718400000.png,ad9e7ef29d85ec84
s3666,train,s3666_ARBUSDT_1780718400000.png,508c00a3e476d0b0
s3667,train,s3667_OPUSDT_1780718400000.png,bf8090e24487f482
s3670,train,s3670_TIAUSDT_1780718400000.png,4580180fb3092f71
s3671,train,s3671_SEIUSDT_1780718400000.png,44ad26938d6e2cb3
s3672,train,s3672_JUPUSDT_1780718400000.png,ef9111a764fea1e7
s3673,train,s3673_PENDLEUSDT_1780718400000.png,267d674a7ba754d5
s3674,train,s3674_ONDOUSDT_1780718400000.png,94b296583b8952e5
s3675,train,s3675_FETUSDT_1780718400000.png,39fc7a4690edc1a6
s3683,train,s3683_ASTERUSDT_1780719300000.png,aad07b1e4f0b45da
s3684,train,s3684_STBLUSDT_1780719300000.png,351e350f6efb3455
s3685,train,s3685_0GUSDT_1780719300000.png,b36720e728bab9c0
s3686,train,s3686_ENAUSDT_1780719300000.png,9b10fcf9dd979ce1
s3687,train,s3687_ARBUSDT_1780719300000.png,45f5420303bcab6f
s3688,train,s3688_INJUSDT_1780719300000.png,09245d0f4bd11db9
s3689,train,s3689_TIAUSDT_1780719300000.png,f73f970ad755c85a
s3690,train,s3690_SEIUSDT_1780719300000.png,2bde48eaa15a50ca
s3691,train,s3691_JUPUSDT_1780719300000.png,9948060a20328637
s3692,train,s3692_PENDLEUSDT_1780719300000.png,b5901727e6703609
s3699,train,s3699_ASTERUSDT_1780720200000.png,9501b5004a2eef81
s3700,train,s3700_INJUSDT_1780720200000.png,42218843cea7e199
s3739,train,s3739_STBLUSDT_1780733700000.png,73a7defd6f3474a1
s3702,train,s3702_PENDLEUSDT_1780720200000.png,874a17c31ea642cb
s3701,train,s3701_SEIUSDT_1780720200000.png,9c51c1fe103e748a
s3740,train,s3740_ARBUSDT_1780733700000.png,eb8fa7220a3ae21a
s3741,train,s3741_OPUSDT_1780733700000.png,b2b5ce15964716f4
s3742,train,s3742_SUIUSDT_1780733700000.png,33820a1986253b8c
s3743,train,s3743_TIAUSDT_1780733700000.png,62056be88aa9abce
s3744,train,s3744_SEIUSDT_1780733700000.png,d18d01304318aa7b
s3745,train,s3745_JUPUSDT_1780733700000.png,38a3f3fc965d0990
s3746,train,s3746_PENDLEUSDT_1780733700000.png,eff2353cdeb76f80
s3747,train,s3747_FETUSDT_1780733700000.png,64e9d160979cd259
s3748,testB,s3748_STXUSDT_1780733700000.png,54dfc054ba84d58f
s3749,testB,s3749_GRTUSDT_1780733700000.png,fa8893b7a3eda1a3
s3750,testB,s3750_LDOUSDT_1780733700000.png,4adaaf2c9a748e5a
s3751,testB,s3751_SANDUSDT_1780733700000.png,a19c5c9466ca80c1
s3752,testB,s3752_MANAUSDT_1780733700000.png,efa2d7965b1d7c5c
s3753,testB,s3753_AXSUSDT_1780733700000.png,ff88f934d871a480
s3755,train,s3755_ASTERUSDT_1780734600000.png,1e4648f8a96a7a30
s3756,train,s3756_STBLUSDT_1780734600000.png,1b561e2cca4cd98f
s3757,train,s3757_0GUSDT_1780734600000.png,1397350433d61f38
s3758,train,s3758_ARBUSDT_1780734600000.png,7d3c69360bbe989f
s3759,train,s3759_OPUSDT_1780734600000.png,dabf1334706ece88
s3760,train,s3760_SUIUSDT_1780734600000.png,c6248320bb9eaa2b
s3761,train,s3761_TIAUSDT_1780734600000.png,58ab59c58678a87c
s3762,train,s3762_SEIUSDT_1780734600000.png,9d1cc1ce950c5f78
s3763,train,s3763_JUPUSDT_1780734600000.png,172822cce876dccc
s3764,train,s3764_PENDLEUSDT_1780734600000.png,3a53d6f46056e014
s3765,train,s3765_ONDOUSDT_1780734600000.png,02dada168a62c772
s3766,train,s3766_FETUSDT_1780734600000.png,26a334301fb426e1
s3767,testB,s3767_STXUSDT_1780734600000.png,21481a3ed9d12200
s3769,testB,s3769_LDOUSDT_1780734600000.png,553245a2141a4726
s3792,train,s3792_ASTERUSDT_1780736400000.png,7ef4fac8d437eecd
s3793,train,s3793_PUMPUSDT_1780736400000.png,5f3dd9d37c6d1d09
s3794,train,s3794_STBLUSDT_1780736400000.png,733b7c2705b271cb
s3795,train,s3795_ARBUSDT_1780736400000.png,ba790216520b20ef
s3796,train,s3796_OPUSDT_1780736400000.png,4478e66fdc697c36
s3797,train,s3797_SUIUSDT_1780736400000.png,306a53eb61add8c1
s3798,train,s3798_TIAUSDT_1780736400000.png,ea373f8d1af0b05d
s3799,train,s3799_SEIUSDT_1780736400000.png,5706eeeb508ab940
s3800,train,s3800_JUPUSDT_1780736400000.png,57a7db28eff02768
s3801,train,s3801_PENDLEUSDT_1780736400000.png,85599af2c01dc289
s3802,train,s3802_ONDOUSDT_1780736400000.png,846aba29af460b5e
s3803,train,s3803_FETUSDT_1780736400000.png,959750e905f5b8af
s4510,train,s4510_0GUSDT_1780874100000.png,8478f9dee7095d31
s4511,train,s4511_JUPUSDT_1780874100000.png,4467460262485687
s4512,testB,s4512_ARUSDT_1780874100000.png,4434995d7ce39b7a
s4514,testB,s4514_SANDUSDT_1780874100000.png,218f79160045e4ad
s4516,train,s4516_PUMPUSDT_1780875000000.png,8c57866bef99368c
s4517,train,s4517_0GUSDT_1780875000000.png,2bfaf47f99584167
s4518,train,s4518_ARBUSDT_1780875000000.png,5ca036641dd3df71
s4519,train,s4519_INJUSDT_1780875000000.png,850c062658e4f36f
s4520,train,s4520_SUIUSDT_1780875000000.png,b5f5df25b0e778a3
s4521,train,s4521_SEIUSDT_1780875000000.png,356ebffdabc1680f
s4522,train,s4522_PENDLEUSDT_1780875000000.png,5bfb1032d5697a4f
s4523,train,s4523_ONDOUSDT_1780875000000.png,1012a8284a84ebad
s4524,train,s4524_FETUSDT_1780875000000.png,42933f12a792078a
s4529,train,s4529_PUMPUSDT_1780875900000.png,11128bd56169f8e0
s4530,train,s4530_0GUSDT_1780875900000.png,828be40ce016b3e4
s4531,train,s4531_ARBUSDT_1780875900000.png,ac9bb6fbe37d3cc5
s4532,train,s4532_INJUSDT_1780875900000.png,3e5192f1f1480eba
s4533,train,s4533_SUIUSDT_1780875900000.png,5442fdc816c301af
s4534,train,s4534_SEIUSDT_1780875900000.png,7d8014ef038f2d93
s4535,train,s4535_JUPUSDT_1780875900000.png,48a1ffe07a080dd6
s4536,train,s4536_PENDLEUSDT_1780875900000.png,8b5ecef893c11a3b
s4537,train,s4537_ONDOUSDT_1780875900000.png,9f53ff2e03e73ae8
s4542,train,s4542_PUMPUSDT_1780876800000.png,e9d8eafaeec4d17b
s4543,train,s4543_INJUSDT_1780876800000.png,277b0443f5ec6f4e
s4545,train,s4545_PUMPUSDT_1780877700000.png,0e4cc3e15721dc79
s4546,train,s4546_INJUSDT_1780877700000.png,e4cdae0eabc0d86f
s4548,train,s4548_PUMPUSDT_1780878600000.png,5eb91d19c5ff264d
s4549,train,s4549_ARBUSDT_1780878600000.png,0e234ab28ffce7ca
s4550,train,s4550_INJUSDT_1780878600000.png,3b22666105daa5e7
s4551,train,s4551_JUPUSDT_1780878600000.png,fb4102fda7e68173
s4552,train,s4552_PENDLEUSDT_1780878600000.png,35e4ba855a45f0f3
s4553,testB,s4553_ARUSDT_1780878600000.png,11219ff6ca05c66f
s4554,testB,s4554_LDOUSDT_1780878600000.png,56d6d75853548e76
s4555,testB,s4555_SANDUSDT_1780878600000.png,7e99e252275f4745
s4556,train,s4556_PUMPUSDT_1780879500000.png,78b54273e6728495
s4557,train,s4557_ARBUSDT_1780879500000.png,8c378abb809386ac
s4558,train,s4558_INJUSDT_1780879500000.png,f751bb4e7081ae8d
s4559,train,s4559_JUPUSDT_1780879500000.png,171518f1d4c27058
s4560,train,s4560_PENDLEUSDT_1780879500000.png,b909bad7fd1c69b3
s4561,testB,s4561_ARUSDT_1780879500000.png,6485503e0e1a869c
s4563,testB,s4563_SANDUSDT_1780879500000.png,2b0c0cb9a7c86330
s4564,train,s4564_INJUSDT_1780882200000.png,8544d7b94c2374ef
s4565,train,s4565_INJUSDT_1780883100000.png,faa046f39d4073c1
s5226,train,s5226_PUMPUSDT_1781015400000.png,f98ce41bf48e1476
s5232,train,s5232_PUMPUSDT_1781019900000.png,973a368515a4b89b
s5234,train,s5234_INJUSDT_1781019900000.png,5bb1bb2be18e46ee
s5235,train,s5235_PENDLEUSDT_1781019900000.png,0e392aa7211f8a67
s5240,train,s5240_ASTERUSDT_1781020800000.png,dba5e010f3bdb3d2
s5241,train,s5241_XPLUSDT_1781020800000.png,847f97da980020fe
s5242,train,s5242_PUMPUSDT_1781020800000.png,79c780d34f425050
s5243,train,s5243_STBLUSDT_1781020800000.png,301ca75b8e65b18e
s5606,train,s5606_ASTERUSDT_1781104500000.png,5e3c2ee5a2f432f8
s5607,train,s5607_XPLUSDT_1781104500000.png,c84a278eda3db85a
s5608,train,s5608_0GUSDT_1781104500000.png,5942bb4c91ac42be
s5609,train,s5609_ARBUSDT_1781104500000.png,817393cdbd013c2f
s5610,train,s5610_INJUSDT_1781104500000.png,ba4ab5d0644e88c9
s5611,train,s5611_SUIUSDT_1781104500000.png,65a7e81f33cc729f
s5612,train,s5612_SEIUSDT_1781104500000.png,4545ff673a34cb49
s5613,train,s5613_JUPUSDT_1781104500000.png,204d5939b5fe6c33
s5614,train,s5614_PENDLEUSDT_1781104500000.png,9357896f207ff789
s5615,train,s5615_ONDOUSDT_1781104500000.png,c31c2564e2ca5cd7
s5622,train,s5622_ASTERUSDT_1781105400000.png,5d960d6ee7016982
s5623,train,s5623_0GUSDT_1781105400000.png,9d054b974f10841e
s5624,train,s5624_ARBUSDT_1781105400000.png,1279ca7807c4610a
s5625,train,s5625_INJUSDT_1781105400000.png,4afc0a9307a47377
s5626,train,s5626_SUIUSDT_1781105400000.png,0cb8cda842802a9f
s5627,train,s5627_SEIUSDT_1781105400000.png,732e015c4636c3db
s5628,train,s5628_JUPUSDT_1781105400000.png,bc0b39abca3d7f26
s5629,train,s5629_PENDLEUSDT_1781105400000.png,005e77b7370ea78a
s5631,testB,s5631_LDOUSDT_1781105400000.png,0d3516bebedaf27f
s5632,testB,s5632_SANDUSDT_1781105400000.png,ab3dc1eb4022d6f4
s5633,testB,s5633_MANAUSDT_1781105400000.png,3acfe5349011b42f
s5635,testB,s5635_APEUSDT_1781105400000.png,33c659c16fe252ce
s5636,train,s5636_ASTERUSDT_1781106300000.png,99b391072678bac7
s5637,train,s5637_0GUSDT_1781106300000.png,490f2509173a4130
s5642,train,s5642_PENDLEUSDT_1781106300000.png,dea7cffe13b11a55
s7165,train,s7165_PUMPUSDT_1781472600000.png,ec49ac40535794fb
s7166,train,s7166_0GUSDT_1781472600000.png,9ae988efa4ddce56
s7167,train,s7167_WLDUSDT_1781472600000.png,691a1dce9e4d0615
s7168,train,s7168_ENAUSDT_1781472600000.png,9b009275654967e3
s7169,train,s7169_ARBUSDT_1781472600000.png,71731f57076fe9df
s7170,train,s7170_OPUSDT_1781472600000.png,d9c36310f7bca892
s7171,train,s7171_INJUSDT_1781472600000.png,f93adfa540dd0c4a
s7172,train,s7172_SUIUSDT_1781472600000.png,46589fdd9fedf250
s7173,train,s7173_TIAUSDT_1781472600000.png,26c31c7a2fed6a79
s7174,train,s7174_SEIUSDT_1781472600000.png,1cf6b4188343cbf8
s7175,train,s7175_JUPUSDT_1781472600000.png,8c9b9aebd3f794fa
s7176,train,s7176_PENDLEUSDT_1781472600000.png,8b0c35e18df2f064
s7177,train,s7177_ONDOUSDT_1781472600000.png,58de3176f1412f37
s7178,train,s7178_FETUSDT_1781472600000.png,577b1c234f249d52
s7179,testB,s7179_ARUSDT_1781472600000.png,0ac85045314f1437
s7181,testB,s7181_GRTUSDT_1781472600000.png,9c917b60e771eaf1
s7182,testB,s7182_LDOUSDT_1781472600000.png,8d57f4288bb84262
s7183,testB,s7183_SANDUSDT_1781472600000.png,c7a29ebde82aed17
s7184,testB,s7184_MANAUSDT_1781472600000.png,b7f2ebc142eadac7
s7189,train,s7189_0GUSDT_1781473500000.png,0d8426989f9d09c5
s7191,train,s7191_ARBUSDT_1781473500000.png,644e9bc2cf09a918
s7194,train,s7194_SUIUSDT_1781473500000.png,e99ee4cacd7febd2
s7243,train,s7243_ONDOUSDT_1781475300000.png,e7dfabcf0a58f56f
s7244,train,s7244_FETUSDT_1781475300000.png,21eb34d107c5f46f
s7253,train,s7253_ASTERUSDT_1781476200000.png,f6465dae81ca6e8c
s7254,train,s7254_PUMPUSDT_1781476200000.png,15ea1f8a3382ee23
s7255,train,s7255_STBLUSDT_1781476200000.png,a4b0dbceb919173d
s7257,train,s7257_ENAUSDT_1781476200000.png,50ac92aa1b78bee1
s7260,train,s7260_INJUSDT_1781476200000.png,c311a5417d84c713
s7261,train,s7261_SUIUSDT_1781476200000.png,06d6b3fe2f705d30
s7262,train,s7262_TIAUSDT_1781476200000.png,c9b99c21d59d931d
s7264,train,s7264_JUPUSDT_1781476200000.png,de4b73e490cb419b
s7266,train,s7266_ONDOUSDT_1781476200000.png,5cc2277f18ea26d3
s7267,train,s7267_FETUSDT_1781476200000.png,8709ab840bbba921
s7287,train,s7287_ONDOUSDT_1781477100000.png,82001657bab12d56
s7299,train,s7299_WLDUSDT_1781478000000.png,478e7cba2d692452
s7308,train,s7308_PENDLEUSDT_1781478000000.png,3f66254e1b843af7
s7309,train,s7309_ONDOUSDT_1781478000000.png,5e54462c974c5092
s7321,train,s7321_0GUSDT_1781478900000.png,4aca0e62afa6f5b3
s7323,train,s7323_ARBUSDT_1781478900000.png,dfa2b004e76431a4
s7324,train,s7324_OPUSDT_1781478900000.png,01395be3ed044c7b
s7325,train,s7325_INJUSDT_1781478900000.png,1f47194f36ff678a
s7328,train,s7328_SEIUSDT_1781478900000.png,d2fc82782290ae94
s7329,train,s7329_JUPUSDT_1781478900000.png,81a322191b34115f
s7330,train,s7330_PENDLEUSDT_1781478900000.png,a35df8716419a194
s7331,train,s7331_ONDOUSDT_1781478900000.png,0fe88d24799f0a52
s7351,train,s7351_JUPUSDT_1781479800000.png,659a3902a9ad6152
s7365,train,s7365_WLDUSDT_1781480700000.png,2dcfe0817c03efd9
s7373,train,s7373_JUPUSDT_1781480700000.png,fc1e2859110c47bd
s7386,train,s7386_PUMPUSDT_1781481600000.png,8bd9a63df76f1584
s7388,train,s7388_WLDUSDT_1781481600000.png,baf74ce014b7f8e2
s7389,train,s7389_ENAUSDT_1781481600000.png,2464fda281986445
s7390,train,s7390_ARBUSDT_1781481600000.png,07f50ba180442e12
s7391,train,s7391_OPUSDT_1781481600000.png,04c12a92283572fc
s7392,train,s7392_INJUSDT_1781481600000.png,dc32d7d534e29b2b
s7394,train,s7394_TIAUSDT_1781481600000.png,490730977b6bcd84
s7395,train,s7395_SEIUSDT_1781481600000.png,8ced0d5d88909856
s7397,train,s7397_PENDLEUSDT_1781481600000.png,4e71c993a74e667c
s7398,train,s7398_ONDOUSDT_1781481600000.png,8ccdafe98080ff25
s7399,train,s7399_FETUSDT_1781481600000.png,fe40d6c6b9f03141
s27094,train,s27094_STBLUSDT_1787276700000.png,4c441c468c7f95e4
s27102,train,s27102_STBLUSDT_1787277600000.png,ffdb4d15d4f633ca
s32517,val,s32517_XPLUSDT_1788430500000.png,e19a492de474165f
s32518,val,s32518_0GUSDT_1788430500000.png,2a9bc65b05bce5ab
s32519,val,s32519_ARBUSDT_1788430500000.png,607265ac0db41644
s32520,val,s32520_TIAUSDT_1788430500000.png,859d8543112c9c71
s32521,testA,s32521_STXUSDT_1788430500000.png,c3ff904324630792
s32522,testA,s32522_STXUSDT_1788431400000.png,9f3ccc1c22fddbfc
s32523,testA,s32523_STXUSDT_1788432300000.png,3ba80d95590e94c2
s32524,testA,s32524_STXUSDT_1788433200000.png,5cd77619a0e90df5
s32525,val,s32525_PUMPUSDT_1788434100000.png,ad4d42da966c8e72
s32526,testA,s32526_STXUSDT_1788434100000.png,71580ddf6f91a352
s32527,val,s32527_PUMPUSDT_1788435000000.png,8609fe8079d1ded4
s32528,testA,s32528_STXUSDT_1788435000000.png,3f3d43641a0defd8
s32529,testA,s32529_LDOUSDT_1788435000000.png,c2cea05b658d9d59
s32530,val,s32530_ASTERUSDT_1788435900000.png,46477a9e41cafd43
s32531,val,s32531_PUMPUSDT_1788435900000.png,f76a03124b7de758
s32532,val,s32532_INJUSDT_1788435900000.png,0544065c8f2e59e9
s32533,testA,s32533_STXUSDT_1788435900000.png,085ce4adc18bb8ff
s32534,val,s32534_PUMPUSDT_1788436800000.png,28bfab8840b0f7ee
s32535,testA,s32535_STXUSDT_1788436800000.png,1570f5ecf4b0ba26
s32536,testA,s32536_STXUSDT_1788437700000.png,be799ff1e6d2521d
s32537,val,s32537_PUMPUSDT_1788438600000.png,82c826a8cedaf781
s32538,testA,s32538_STXUSDT_1788438600000.png,b1c210976d90c833
s32539,val,s32539_PUMPUSDT_1788439500000.png,6a31705a19c1a136
s32540,val,s32540_ENAUSDT_1788439500000.png,a7d5183d107de3b7
s32541,val,s32541_ENAUSDT_1788440400000.png,e78be1777d7e1304
s32542,testA,s32542_STXUSDT_1788440400000.png,13a23022e0a300c2
s32543,testA,s32543_STXUSDT_1788441300000.png,32972bc8338d37c5
s32544,val,s32544_XPLUSDT_1788443100000.png,60f2574de1f2eb6e
s32545,val,s32545_ENAUSDT_1788443100000.png,1784de4d0bb79d4f
s32546,val,s32546_JUPUSDT_1788443100000.png,e05c650d6bc48fdf
s32547,val,s32547_XPLUSDT_1788444000000.png,cc9d0d753247b4bf
s32548,val,s32548_ENAUSDT_1788444000000.png,1d5408c2d9e42c15
s32549,val,s32549_ARBUSDT_1788444000000.png,d7ccd94c923a4c04
s32550,val,s32550_JUPUSDT_1788444000000.png,4764862eaf1517cf
s32551,val,s32551_ENAUSDT_1788444900000.png,4a9c214b8c03c603
s32552,val,s32552_INJUSDT_1788444900000.png,920f6a39a27c03b8
s32553,val,s32553_TIAUSDT_1788444900000.png,cb5651b7fbea9a3c
s32554,val,s32554_JUPUSDT_1788444900000.png,e9b74e66fa34c20c
s32555,val,s32555_PENDLEUSDT_1788444900000.png,fa3fcb5f5eeddaaa
s32556,val,s32556_ONDOUSDT_1788444900000.png,8c540b0e85c2e6c2
s32557,val,s32557_XPLUSDT_1788445800000.png,f7a8e24ccac81825
s32558,val,s32558_ENAUSDT_1788445800000.png,1486258607afcf9c
s32559,val,s32559_INJUSDT_1788445800000.png,09320c81ee59d9a5
s32560,val,s32560_JUPUSDT_1788445800000.png,b93750ede3540a42
s32561,val,s32561_PENDLEUSDT_1788445800000.png,ab8373906813f589
s32562,val,s32562_ONDOUSDT_1788445800000.png,7eb404f17c2dde4d
s32563,val,s32563_FETUSDT_1788445800000.png,e04c5295c5cdbf45
s32564,testA,s32564_GRTUSDT_1788445800000.png,d3c8cd4e112a30b0
s32565,testA,s32565_LDOUSDT_1788445800000.png,db7dc7dadbab3a23
s32566,val,s32566_XPLUSDT_1788446700000.png,491679be465d644a
s32567,val,s32567_WLDUSDT_1788446700000.png,9e5da79f5f0bebf9
s32568,val,s32568_ENAUSDT_1788446700000.png,91163c8430160ce4
s32569,val,s32569_INJUSDT_1788446700000.png,440e1fb6ffa75b9f
s32570,val,s32570_SUIUSDT_1788446700000.png,f332e40a3b931285
s32571,val,s32571_JUPUSDT_1788446700000.png,01860e6687aef7e7
s32572,val,s32572_PENDLEUSDT_1788446700000.png,b3b03f0ccb129270
s32573,val,s32573_ONDOUSDT_1788446700000.png,adcc6be67a08bd5d
s32574,val,s32574_FETUSDT_1788446700000.png,dd49fcb7be22daf6
s32575,testA,s32575_GRTUSDT_1788446700000.png,4f1499ad02f0d893
s32576,testA,s32576_LDOUSDT_1788446700000.png,2f96fdbcf6643860
s32577,testA,s32577_AXSUSDT_1788446700000.png,a7ae421fb6280ccf
s32578,testA,s32578_APEUSDT_1788446700000.png,2d500b168406841a
s32579,val,s32579_XPLUSDT_1788447600000.png,7f8df5be953fe6da
s32580,val,s32580_WLDUSDT_1788447600000.png,318fb3ff48c8d03f
s32581,val,s32581_ENAUSDT_1788447600000.png,8753756b112798e4
s32582,val,s32582_INJUSDT_1788447600000.png,eeeb8c61dc4ed60e
s32583,val,s32583_JUPUSDT_1788447600000.png,eaaeb8c0f47f4b14
s32584,val,s32584_PENDLEUSDT_1788447600000.png,1f52eb78c25ccbc6
s32585,val,s32585_ONDOUSDT_1788447600000.png,67c8f7f5b3189ac4
s32586,val,s32586_FETUSDT_1788447600000.png,58a6243c6c2056f7
s32587,testA,s32587_AXSUSDT_1788447600000.png,e00c87f51d5058f4
s32588,testA,s32588_APEUSDT_1788447600000.png,2c84f35b886c7d99
s32589,val,s32589_XPLUSDT_1788448500000.png,fed32435145ff57b
s32590,val,s32590_WLDUSDT_1788448500000.png,84ffc48896643f7a
s32591,val,s32591_ENAUSDT_1788448500000.png,41453317f61c5955
s32592,val,s32592_OPUSDT_1788448500000.png,cfb83cba119bd83b
s32593,val,s32593_JUPUSDT_1788448500000.png,16f306dd6b947007
s32594,val,s32594_PENDLEUSDT_1788448500000.png,ffa4108ee4a6a383
s32595,val,s32595_ONDOUSDT_1788448500000.png,9d472d17bb9aed33
s32596,val,s32596_FETUSDT_1788448500000.png,7380b2c20180891c
s32597,testA,s32597_AXSUSDT_1788448500000.png,eb5146a76ce20b38
s32598,testA,s32598_APEUSDT_1788448500000.png,af2e108c8a09dfb0
s32599,val,s32599_XPLUSDT_1788449400000.png,4b35b42056577a3c
s32600,val,s32600_WLDUSDT_1788449400000.png,66453665aa5d8037
s32601,val,s32601_ENAUSDT_1788449400000.png,abe7dde4bd0d1da1
s32602,val,s32602_OPUSDT_1788449400000.png,fc8aa26506b3613e
s32603,val,s32603_INJUSDT_1788449400000.png,6d13c7f9f61ea622
s32604,val,s32604_JUPUSDT_1788449400000.png,43d4c2c1f44f001e
s32605,val,s32605_PENDLEUSDT_1788449400000.png,1387bfae869c9032
s32606,val,s32606_ONDOUSDT_1788449400000.png,5904024434bf69a2
s32607,val,s32607_FETUSDT_1788449400000.png,f2a3c864e262230a
s32608,testA,s32608_AXSUSDT_1788449400000.png,109c4e270720eac6
s32609,testA,s32609_APEUSDT_1788449400000.png,bdec453a6821a233
s32610,val,s32610_XPLUSDT_1788450300000.png,7d3cc2ddd5318b01
s32611,val,s32611_STBLUSDT_1788450300000.png,a9caf75ae4bc3811
s32612,val,s32612_WLDUSDT_1788450300000.png,2248528b92be4d3a
s32613,val,s32613_OPUSDT_1788450300000.png,2285a7d1f1333b42
s32614,val,s32614_SUIUSDT_1788450300000.png,b8cbe84e1c112258
s32615,val,s32615_SEIUSDT_1788450300000.png,bbd758aedf2729c0
s32616,val,s32616_JUPUSDT_1788450300000.png,c5c3e25401f42a49
s32617,val,s32617_PENDLEUSDT_1788450300000.png,7b88d88633db060e
s32618,val,s32618_ONDOUSDT_1788450300000.png,aaceefb5a28d5ce8
s32620,testA,s32620_GRTUSDT_1788450300000.png,e8743f957a635079
s32621,testA,s32621_SANDUSDT_1788450300000.png,df9dd4c6de5bcec4
s32622,testA,s32622_AXSUSDT_1788450300000.png,4bc1f08085936d19
s32623,testA,s32623_APEUSDT_1788450300000.png,c8b8576247254ef9
s32624,val,s32624_XPLUSDT_1788451200000.png,bbb78838a3769b92
s32625,val,s32625_STBLUSDT_1788451200000.png,b9f56ba8f5e21113
s32626,val,s32626_WLDUSDT_1788451200000.png,bbe00da336aaaa10
s32627,val,s32627_ARBUSDT_1788451200000.png,197c259c98d6cf1c
s32630,testA,s32630_STXUSDT_1788451200000.png,6eebd1e836214fed
s32631,testA,s32631_AXSUSDT_1788451200000.png,09e1ff55ee55f7bc
s32632,testA,s32632_APEUSDT_1788451200000.png,0d7d82766811058c
s32639,testA,s32639_STXUSDT_1788452100000.png,5f38824501159f8f
s32640,testA,s32640_SANDUSDT_1788452100000.png,a33d2f9ae4a066c2
s32641,testA,s32641_AXSUSDT_1788452100000.png,4e7cd6954eeb6cf9
s32642,testA,s32642_APEUSDT_1788452100000.png,9175eea490ab95ff
s32651,testA,s32651_STXUSDT_1788453000000.png,51150f6a97920bcd
s32652,testA,s32652_SANDUSDT_1788453000000.png,7abdba17b02073f0
s32653,testA,s32653_AXSUSDT_1788453000000.png,01ff982ee0c3aced
s32654,testA,s32654_APEUSDT_1788453000000.png,e9946b6cb19ed4a6
s32660,testA,s32660_STXUSDT_1788453900000.png,8d25619cae64a2b3
s32661,testA,s32661_SANDUSDT_1788453900000.png,2855655b7740ff90
s32662,testA,s32662_AXSUSDT_1788453900000.png,085fc4c818cd9e57
s32663,testA,s32663_APEUSDT_1788453900000.png,a6b8a2397a236e6a
s32674,testA,s32674_STXUSDT_1788454800000.png,292cc7fff3f45896
s32675,testA,s32675_SANDUSDT_1788454800000.png,b78462de8113aa44
s32676,testA,s32676_AXSUSDT_1788454800000.png,e5a1f81a3b0265d2
s32677,testA,s32677_APEUSDT_1788454800000.png,27922fe61a984b03
s32683,testA,s32683_STXUSDT_1788455700000.png,2e15c47dbe9f4c55
s32684,testA,s32684_SANDUSDT_1788455700000.png,12079e3fe7774f11
s32685,testA,s32685_AXSUSDT_1788455700000.png,047b82444516051d
s32686,testA,s32686_APEUSDT_1788455700000.png,590e15143b1f27d2
s32695,testA,s32695_STXUSDT_1788456600000.png,9291fe845604f9fe
s32696,testA,s32696_LDOUSDT_1788456600000.png,f5a40b8d5a4f1866
s32697,testA,s32697_SANDUSDT_1788456600000.png,bbd941fb7d7fca46
s32698,testA,s32698_MANAUSDT_1788456600000.png,29172dd2fa45bd09
s32699,testA,s32699_AXSUSDT_1788456600000.png,77361af3ad96a840
s32700,testA,s32700_APEUSDT_1788456600000.png,986ccbdd76e40ab0
s32712,testA,s32712_STXUSDT_1788457500000.png,b4844e847b4a0817
s32713,testA,s32713_GRTUSDT_1788457500000.png,54969509a5261096
s32714,testA,s32714_LDOUSDT_1788457500000.png,7c90d3c42a85afcb
s32715,testA,s32715_SANDUSDT_1788457500000.png,4db5be3bb2506fb2
s32716,testA,s32716_AXSUSDT_1788457500000.png,4f7c742c26277a76
s32717,testA,s32717_APEUSDT_1788457500000.png,c3d58803f75fed57
s32727,testA,s32727_STXUSDT_1788458400000.png,a095c4565d6a3163
s32728,testA,s32728_GRTUSDT_1788458400000.png,54a103c4d33864d4
s32729,testA,s32729_LDOUSDT_1788458400000.png,e8504e33fed15e1c
s32730,testA,s32730_SANDUSDT_1788458400000.png,18c8a54d6cc551a6
s32731,testA,s32731_AXSUSDT_1788458400000.png,b809b30e75d368b7
s32732,testA,s32732_APEUSDT_1788458400000.png,300f2863a58d776c
s32733,val,s32733_0GUSDT_1788459300000.png,4b78f6f0de000c2c
s32734,val,s32734_WLDUSDT_1788459300000.png,4f11c273a1b23843
s32735,val,s32735_OPUSDT_1788459300000.png,14e63f6e20584769
s32736,val,s32736_PENDLEUSDT_1788459300000.png,9ac8f173780eb2d9
s32737,testA,s32737_STXUSDT_1788459300000.png,52ae2be240721ee5
s32738,testA,s32738_LDOUSDT_1788459300000.png,8ea01e14d257fb7c
s32739,testA,s32739_SANDUSDT_1788459300000.png,e69e3aa516f08277
s32740,testA,s32740_AXSUSDT_1788459300000.png,ee3e63dc5349717f
s32741,testA,s32741_APEUSDT_1788459300000.png,8dd6077e0826cce1
s32742,val,s32742_0GUSDT_1788460200000.png,908862bd9ceee80a
s32743,val,s32743_WLDUSDT_1788460200000.png,a06e2b8512c742e9
s32744,val,s32744_OPUSDT_1788460200000.png,c9074e54b2e96131
s32745,val,s32745_TIAUSDT_1788460200000.png,d5cb3f18444f7894
s32746,val,s32746_PENDLEUSDT_1788460200000.png,a60b5a35349a0ddc
s32747,testA,s32747_STXUSDT_1788460200000.png,8dbf5ecc3b5d7ba0
s32748,testA,s32748_LDOUSDT_1788460200000.png,affc07ad3cd98eba
s32749,testA,s32749_APEUSDT_1788460200000.png,623825aa32941195
s32750,val,s32750_0GUSDT_1788461100000.png,d6f9361e7361a0d5
s32751,val,s32751_WLDUSDT_1788461100000.png,ce83ffe5bc2c377c
s32752,val,s32752_OPUSDT_1788461100000.png,16def968d712ef76
s32753,val,s32753_PENDLEUSDT_1788461100000.png,e9e41f8a9155fc98
s32754,testA,s32754_STXUSDT_1788461100000.png,d53146f5ee95eec7
s32755,testA,s32755_LDOUSDT_1788461100000.png,cef6336f26a16816
s32756,val,s32756_0GUSDT_1788462000000.png,9372d2978c8f7388
s32757,val,s32757_WLDUSDT_1788462000000.png,d34c7c61b523f8c9
s32758,val,s32758_OPUSDT_1788462000000.png,66f47c350bf5b3dd
s32759,val,s32759_TIAUSDT_1788462000000.png,c13ef1dbde632964
s32760,val,s32760_JUPUSDT_1788462000000.png,ae37c70ac434e382
s32761,val,s32761_PENDLEUSDT_1788462000000.png,f71519797eac9028
s32762,testA,s32762_STXUSDT_1788462000000.png,0f48b0673720ca0d
s32763,testA,s32763_LDOUSDT_1788462000000.png,efd6c303ce8da56b
s32764,val,s32764_0GUSDT_1788462900000.png,5d4dd7d0513b4523
s32765,val,s32765_WLDUSDT_1788462900000.png,7d04a464912b07bf
s32766,val,s32766_PENDLEUSDT_1788462900000.png,be8b01b94bd0d1b9
s32767,testA,s32767_STXUSDT_1788462900000.png,1a0b66a8f1495bf0
s32768,testA,s32768_GRTUSDT_1788462900000.png,ed9a2c89ba87d54c
s32769,testA,s32769_LDOUSDT_1788462900000.png,60ba0e2898fb3615
s32770,val,s32770_0GUSDT_1788463800000.png,0d2bf9d55dd9545f
s32771,val,s32771_WLDUSDT_1788463800000.png,d29501d855a4d438
s32772,testA,s32772_STXUSDT_1788463800000.png,fd8fe6c9d59758dc
s32773,testA,s32773_LDOUSDT_1788463800000.png,f157508f73f5f910
s32774,val,s32774_0GUSDT_1788464700000.png,853000f8ced83b47
s32775,testA,s32775_STXUSDT_1788464700000.png,f9bda1370459b694
s32776,testA,s32776_LDOUSDT_1788464700000.png,88db59ce43cd31d9
s32777,val,s32777_WLDUSDT_1788465600000.png,58979382b2be3a85
s32779,testA,s32779_STXUSDT_1788465600000.png,21d6c4c09aac2e32
s32780,testA,s32780_LDOUSDT_1788465600000.png,0b06a2d6bca20d5e
s32781,val,s32781_WLDUSDT_1788466500000.png,c80a7e5b2a4101b9
s32783,testA,s32783_ARUSDT_1788466500000.png,7bf018a7b43212d6
s32784,testA,s32784_LDOUSDT_1788466500000.png,0405e63ad5d94299
s32785,val,s32785_ARBUSDT_1788467400000.png,3ca482361df80bd7
s32786,testA,s32786_ARUSDT_1788467400000.png,37bff8e774f01935
s32788,testA,s32788_ARUSDT_1788468300000.png,a66db5b120800ce3
s32789,testA,s32789_LDOUSDT_1788468300000.png,27c286392d54944b
s32791,testA,s32791_ARUSDT_1788469200000.png,3ccd5828a949ffae
s32792,testA,s32792_LDOUSDT_1788469200000.png,62f5be8f5a7c4464
s32793,val,s32793_ARBUSDT_1788470100000.png,e582628594c4e518
s32794,testA,s32794_ARUSDT_1788470100000.png,c29a0f2a694dfc8e
s32795,testA,s32795_LDOUSDT_1788470100000.png,f000155163e9f4d3
s32796,val,s32796_ENAUSDT_1788471000000.png,89d28f5a6a14fde6
s32797,val,s32797_ARBUSDT_1788471000000.png,4e6498d50439cb87
s32798,testA,s32798_ARUSDT_1788471000000.png,bca2e5a8efdb81ae
s32799,val,s32799_ASTERUSDT_1788471900000.png,6f2555bedbee0adc
s32801,testA,s32801_ARUSDT_1788471900000.png,8d6e3dcfadd3f4ce
s32802,testA,s32802_LDOUSDT_1788471900000.png,a047289cab4b1951
s32805,val,s32805_WLDUSDT_1788473700000.png,16a41c000045553d
s32806,val,s32806_ENAUSDT_1788473700000.png,677946ffba34066a
s32807,val,s32807_JUPUSDT_1788473700000.png,aaab8c91d08aa04e
s32808,val,s32808_PUMPUSDT_1788474600000.png,1a959142bd98bbaa
s32809,val,s32809_WLDUSDT_1788474600000.png,b0a7b02d796d6d92
s32810,val,s32810_ENAUSDT_1788474600000.png,63acc825cc5daf36
s32812,testA,s32812_STXUSDT_1788474600000.png,785e227a00e41e3b
s32813,val,s32813_PUMPUSDT_1788475500000.png,ba0bed18c618eb9d
s32816,val,s32816_OPUSDT_1788475500000.png,40eed6d51bbf059f
s32817,val,s32817_INJUSDT_1788475500000.png,0b8e02431683a9b7
s32820,val,s32820_FETUSDT_1788475500000.png,bd12a441c7e6aefb
s32821,testA,s32821_STXUSDT_1788475500000.png,e68a4500f32bcb96
s32822,val,s32822_PUMPUSDT_1788476400000.png,cd55337562ed6122
s32823,val,s32823_OPUSDT_1788476400000.png,1e88d6d346608d60
s32825,val,s32825_PENDLEUSDT_1788476400000.png,56d631a8b8a2e6a0
s32836,val,s32836_OPUSDT_1788479100000.png,c93c6c9d790f7730
s32841,val,s32841_PUMPUSDT_1788480900000.png,6ed5cb838f9a3596
s32843,val,s32843_PUMPUSDT_1788481800000.png,2b5c44d01518f908
s32845,testA,s32845_ARUSDT_1788481800000.png,1ca9b28d470e8fe9
s32846,val,s32846_ASTERUSDT_1788482700000.png,0b24566d50ec3edf
s32847,val,s32847_PUMPUSDT_1788482700000.png,5ac4be2f820f8362
s32851,testA,s32851_ARUSDT_1788482700000.png,c495a00280d89bc1
s32853,val,s32853_OPUSDT_1788483600000.png,1275601a86c1154f
s32855,val,s32855_JUPUSDT_1788483600000.png,8560e9042691ab30
s32856,testA,s32856_ARUSDT_1788483600000.png,9b9c9abdf0e4b05d
s32858,val,s32858_OPUSDT_1788484500000.png,d843c204372c435f
s32861,val,s32861_SEIUSDT_1788484500000.png,661d6d6cefebf511
s32862,val,s32862_JUPUSDT_1788484500000.png,aef7adc50fb4fe74
s32863,testA,s32863_ARUSDT_1788484500000.png,c9e25911658dcc59
s32864,testA,s32864_AXSUSDT_1788484500000.png,ab309926d1beb2a9
s32866,val,s32866_OPUSDT_1788485400000.png,803a89a3cff55ae1
s32867,val,s32867_SUIUSDT_1788485400000.png,f65dad7bdc978ab1
s32868,val,s32868_TIAUSDT_1788485400000.png,be3078c67408f30d
s32869,val,s32869_SEIUSDT_1788485400000.png,618612d1f9d02980
s32870,val,s32870_JUPUSDT_1788485400000.png,985ff9764f55b377
s32871,testA,s32871_ARUSDT_1788485400000.png,942bda5e2fbe52aa
s32876,testA,s32876_ARUSDT_1788486300000.png,6075d4fe1bcfd6bc
s32878,val,s32878_0GUSDT_1788487200000.png,105e46897106a211
s32883,val,s32883_FETUSDT_1788489900000.png,39c01626bfc6f2ff
s32888,testA,s32888_LDOUSDT_1788496200000.png,9744b5061de96430
s32891,testA,s32891_LDOUSDT_1788497100000.png,0349166b131abda6
s32892,val,s32892_PUMPUSDT_1788498000000.png,ae5825843161a588
s32895,testA,s32895_LDOUSDT_1788498000000.png,d5425f26aa5de914
s32896,val,s32896_PUMPUSDT_1788498900000.png,d76b38922f49cbf3
s32901,testA,s32901_LDOUSDT_1788499800000.png,b31b4e12b5acb8be
s32905,testA,s32905_LDOUSDT_1788500700000.png,da614cd9efb7b20d
s32909,testA,s32909_ARUSDT_1788501600000.png,7dda3848f0dcda25
s32913,testA,s32913_ARUSDT_1788502500000.png,cffaf1f549a7acfa
s32916,testA,s32916_STXUSDT_1788503400000.png,08cff14bc54635f6
s32917,val,s32917_PUMPUSDT_1788504300000.png,2effcf9462b4821f
s32921,testA,s32921_STXUSDT_1788504300000.png,d54312e8c90ec397
s32938,val,s32938_PENDLEUSDT_1788511500000.png,7e5f09a27f914d3d
s32940,val,s32940_ASTERUSDT_1788512400000.png,209874c9dd38b7fc
s32942,testA,s32942_ARUSDT_1788512400000.png,b926f77b484a78f4
s32943,val,s32943_ASTERUSDT_1788513300000.png,8f065d6869cdf29b
s32946,val,s32946_ARBUSDT_1788513300000.png,2ff891a0874a0a19
s32947,testA,s32947_ARUSDT_1788513300000.png,cab4775ba9e446b4
s32952,testA,s32952_ARUSDT_1788514200000.png,8d0b6a501884294d
s32975,testA,s32975_LDOUSDT_1788517800000.png,2fc657d493c8ece1
s33006,testA,s33006_AXSUSDT_1788525000000.png,d244a962e9191b7b
s33007,val,s33007_PUMPUSDT_1788525900000.png,95842ac0edc3bd02
s33008,val,s33008_WLDUSDT_1788525900000.png,14203dae68cede5b
s33009,val,s33009_OPUSDT_1788525900000.png,e0b9c53997e31ff8
s33010,val,s33010_INJUSDT_1788525900000.png,2d28f4cbd2035c88
s33011,val,s33011_SUIUSDT_1788525900000.png,b9f138f102a60036
s33012,val,s33012_TIAUSDT_1788525900000.png,ca76022362b2dad3
s33013,val,s33013_SEIUSDT_1788525900000.png,b1cc9d04a1ac88f8
s33014,val,s33014_JUPUSDT_1788525900000.png,c4d7cf674e713c86
s33015,val,s33015_PENDLEUSDT_1788525900000.png,9bda59fdd8c8e4d0
s33016,val,s33016_ONDOUSDT_1788525900000.png,d414402606a88b09
s33017,val,s33017_FETUSDT_1788525900000.png,fc69512e33e9e710
s33018,testA,s33018_STXUSDT_1788525900000.png,526bbb64abac64f7
s33019,testA,s33019_GRTUSDT_1788525900000.png,bd56232feb2a9931
s33020,testA,s33020_SANDUSDT_1788525900000.png,be3bd3b7398e9953
s33021,testA,s33021_AXSUSDT_1788525900000.png,fc8e22f572e8b6db
s33022,testA,s33022_APEUSDT_1788525900000.png,11f2904f0595cf00
s33023,val,s33023_PUMPUSDT_1788526800000.png,e1b941fb4048c3c1
s33024,val,s33024_0GUSDT_1788526800000.png,a1756dfae6df5894
s33025,val,s33025_WLDUSDT_1788526800000.png,cd58e8e536495348
s33026,val,s33026_OPUSDT_1788526800000.png,35946a75285511e8
s33027,val,s33027_INJUSDT_1788526800000.png,f3e6f06b70c7e464
s33028,val,s33028_SUIUSDT_1788526800000.png,e9ad46cee215a74c
s33029,val,s33029_TIAUSDT_1788526800000.png,7d0738ff3a4462cc
s33030,val,s33030_SEIUSDT_1788526800000.png,b5dafc444e3e9108
s33031,val,s33031_JUPUSDT_1788526800000.png,e2433f1dd0ce0a7f
s33032,val,s33032_PENDLEUSDT_1788526800000.png,3cf0ff72791c2480
s33033,val,s33033_ONDOUSDT_1788526800000.png,6fb2692350ebaf12
s33034,val,s33034_FETUSDT_1788526800000.png,30c4274bc01bc242
s33035,testA,s33035_ARUSDT_1788526800000.png,7b4fc84f19a6a53a
s33036,testA,s33036_STXUSDT_1788526800000.png,3459ee5adcfdbb90
s33037,testA,s33037_GRTUSDT_1788526800000.png,4670cea34cfe80cf
s33038,testA,s33038_SANDUSDT_1788526800000.png,191d869bd5beef48
s33039,testA,s33039_MANAUSDT_1788526800000.png,3b869660ba64bb57
s33040,testA,s33040_AXSUSDT_1788526800000.png,708d39a1fedd780e
s33041,testA,s33041_APEUSDT_1788526800000.png,42565e7a64adee06
s33042,val,s33042_WLDUSDT_1788527700000.png,7c2b62e5581b733a
s33043,val,s33043_OPUSDT_1788527700000.png,9b06b6b49a5305bf
s33044,val,s33044_INJUSDT_1788527700000.png,c04e23f331528fbb
s33045,val,s33045_SUIUSDT_1788527700000.png,c4ed8f71c20514a1
s33046,val,s33046_TIAUSDT_1788527700000.png,74ea65b1eba4959f
s33047,val,s33047_SEIUSDT_1788527700000.png,196364ad2fdf9bc9
s33048,val,s33048_JUPUSDT_1788527700000.png,6ba9a587326f2d02
s33049,val,s33049_PENDLEUSDT_1788527700000.png,8a33f4c6c3852841
s33050,val,s33050_ONDOUSDT_1788527700000.png,cc66627e2a53abee
s33051,testA,s33051_ARUSDT_1788527700000.png,c082fa77c6b7058c
s33052,testA,s33052_STXUSDT_1788527700000.png,5718e9713faaa311
s33053,testA,s33053_GRTUSDT_1788527700000.png,f52c5542b2688065
s33054,testA,s33054_LDOUSDT_1788527700000.png,07a7686b6929fc4d
s33055,testA,s33055_SANDUSDT_1788527700000.png,9391f4df7dda4af3
s33056,testA,s33056_MANAUSDT_1788527700000.png,7ceabe0f6c2b8693
s33057,testA,s33057_APEUSDT_1788527700000.png,8138e196fd28dff5
s33058,val,s33058_WLDUSDT_1788528600000.png,6a7b1f862bbeade1
s33059,val,s33059_OPUSDT_1788528600000.png,b71d1283b4b86c51
s33060,val,s33060_INJUSDT_1788528600000.png,ded679511327e5c0
s33061,val,s33061_SUIUSDT_1788528600000.png,f882a3a3d6840540
s33062,val,s33062_TIAUSDT_1788528600000.png,6376beeb7c029aa5
s33063,val,s33063_SEIUSDT_1788528600000.png,8c60b9a51e9bb593
s33064,val,s33064_JUPUSDT_1788528600000.png,80db7ae7c07ab027
s33065,val,s33065_PENDLEUSDT_1788528600000.png,f0d9f0516ecd7a42
s33066,val,s33066_ONDOUSDT_1788528600000.png,67b33d1d3934480e
s33067,testA,s33067_ARUSDT_1788528600000.png,03ad65bd3e81ea06
s33068,testA,s33068_STXUSDT_1788528600000.png,da3a2415ef3b578b
s33069,testA,s33069_GRTUSDT_1788528600000.png,e369062f21fb354d
s33070,testA,s33070_LDOUSDT_1788528600000.png,49b7526147ce42d9
s33071,testA,s33071_APEUSDT_1788528600000.png,87d2178fb2127994
s33072,val,s33072_WLDUSDT_1788529500000.png,5bb5889fab77816e
s33081,testA,s33081_STXUSDT_1788529500000.png,3b77c8dda2b74dfd
s33082,testA,s33082_GRTUSDT_1788529500000.png,cc1c99a1ccd925cc
s33083,testA,s33083_LDOUSDT_1788529500000.png,86b8fd5cb70e600c
s33096,testA,s33096_MANAUSDT_1788530400000.png,925d7c34c9f8e402
s33106,testA,s33106_STXUSDT_1788531300000.png,a19fa739b7336572
s33107,testA,s33107_GRTUSDT_1788531300000.png,9aba3f446b3562d4
s33108,testA,s33108_LDOUSDT_1788531300000.png,e55a3e807060fcad
s33109,testA,s33109_MANAUSDT_1788531300000.png,95ea7657793515c7
s33110,testA,s33110_AXSUSDT_1788531300000.png,c6f24cbc759e53e6
s33111,val,s33111_WLDUSDT_1788532200000.png,aa869b9dcbce29ad
s33112,val,s33112_OPUSDT_1788532200000.png,1c52082b5b0552a4
s33113,val,s33113_INJUSDT_1788532200000.png,510b2fb28d4336e1
s33114,val,s33114_SUIUSDT_1788532200000.png,3ff1328458b982cf
s33115,val,s33115_TIAUSDT_1788532200000.png,f25f2f6efff53fad
s33116,val,s33116_SEIUSDT_1788532200000.png,3d480446f601ef87
s33117,val,s33117_JUPUSDT_1788532200000.png,7911b778c221a1d7
s33118,val,s33118_PENDLEUSDT_1788532200000.png,3dacb2151a239de5
s33119,val,s33119_ONDOUSDT_1788532200000.png,66a55d06f002e27b
s33120,testA,s33120_STXUSDT_1788532200000.png,33e405ea9489e24a
s33121,testA,s33121_GRTUSDT_1788532200000.png,5948d2a950aac15e
s33122,testA,s33122_LDOUSDT_1788532200000.png,d6aa49294c325ac4
s33123,testA,s33123_SANDUSDT_1788532200000.png,375aa261fb24c424
s33124,testA,s33124_MANAUSDT_1788532200000.png,71bd3d5f857e23d0
s33125,testA,s33125_AXSUSDT_1788532200000.png,97e420fc0b042aa2
s33126,testA,s33126_APEUSDT_1788532200000.png,62908024fa8e7370
s33127,val,s33127_WLDUSDT_1788533100000.png,2c13120730e946c5
s33128,val,s33128_OPUSDT_1788533100000.png,27489a8a025897e1
s33130,val,s33130_SUIUSDT_1788533100000.png,b6b06a834408ab61
s33131,val,s33131_TIAUSDT_1788533100000.png,f7b1e1bed6ef1bcb
s33133,val,s33133_JUPUSDT_1788533100000.png,53286c94f2f67297
s33134,val,s33134_PENDLEUSDT_1788533100000.png,34c16b3101bba13f
s33135,val,s33135_ONDOUSDT_1788533100000.png,cfba0dc606fbdf29
s33136,val,s33136_FETUSDT_1788533100000.png,b779d0c5cb229510
s33137,testA,s33137_STXUSDT_1788533100000.png,077542a20633a37f
s33138,testA,s33138_GRTUSDT_1788533100000.png,7c8d74d03d7d15c9
s33139,testA,s33139_LDOUSDT_1788533100000.png,78bfd11c586df725
s33140,testA,s33140_SANDUSDT_1788533100000.png,8b04caee92dced0d
s33141,testA,s33141_MANAUSDT_1788533100000.png,c8a61ae5f9f5e1d0
s33142,testA,s33142_AXSUSDT_1788533100000.png,75e848a36a6c5047
s33143,testA,s33143_APEUSDT_1788533100000.png,dec8dcbaf43d315b
s33152,testA,s33152_STXUSDT_1788534000000.png,3e90ffaca6aae743
s33153,testA,s33153_GRTUSDT_1788534000000.png,26c269492074205e
s33154,testA,s33154_LDOUSDT_1788534000000.png,b801394e9d35a6f1
s33155,testA,s33155_MANAUSDT_1788534000000.png,58eed2189e30c5f8
s33156,val,s33156_0GUSDT_1788534900000.png,54d2a0a79831b718
s33165,testA,s33165_GRTUSDT_1788534900000.png,ea12f39355e701c6
s33166,testA,s33166_LDOUSDT_1788534900000.png,2cff838822fa6060
s33167,testA,s33167_MANAUSDT_1788534900000.png,08d7d2a5ef1e72eb
s33175,testA,s33175_STXUSDT_1788535800000.png,d2385d77b5aa65d7
s33176,testA,s33176_GRTUSDT_1788535800000.png,ee4a5eefaf365fa2
s33177,testA,s33177_LDOUSDT_1788535800000.png,35ddde89bcb0f8e8
s33178,testA,s33178_MANAUSDT_1788535800000.png,ee46047f0459d3ac
s33185,testA,s33185_LDOUSDT_1788536700000.png,7d839abe956239c7
s33186,testA,s33186_MANAUSDT_1788536700000.png,aaea20ef197677a1
s33190,val,s33190_SEIUSDT_1788537600000.png,4e2dbd406e2e477d
s33192,testA,s33192_LDOUSDT_1788537600000.png,d85c6275222dc4a4
s33193,testA,s33193_MANAUSDT_1788537600000.png,ea2936c075a04819
s33199,testA,s33199_LDOUSDT_1788538500000.png,7f3bf79ab3a6618d
s33200,testA,s33200_MANAUSDT_1788538500000.png,3b4ea35bc81549d3
s33214,testA,s33214_LDOUSDT_1788542100000.png,f4e9cfb5395f031d
s33215,testA,s33215_LDOUSDT_1788543000000.png,bb985f32d8cc6efd
s33216,testA,s33216_LDOUSDT_1788543900000.png,58f611afcc91042c
s33217,testA,s33217_MANAUSDT_1788543900000.png,05daf03b3d753436
s33224,testA,s33224_ARUSDT_1788547500000.png,9d1a99986cf7b404
s33238,testA,s33238_ARUSDT_1788553800000.png,993d942c47c84bbe
s33243,testA,s33243_LDOUSDT_1788556500000.png,1b178c0e5b5644bd
s33245,testA,s33245_LDOUSDT_1788557400000.png,c39437b781617086
s33257,testA,s33257_ARUSDT_1788567300000.png,ddeb6539ad8a5491
s33258,testA,s33258_ARUSDT_1788568200000.png,075f32eb7c0aee5a
s33260,testA,s33260_LDOUSDT_1788569100000.png,587f45af46bdd27a
s33273,testA,s33273_LDOUSDT_1788573600000.png,f312e479bfb20b66
s33279,testA,s33279_LDOUSDT_1788574500000.png,37da9c7d4aaeb154
s33285,testA,s33285_LDOUSDT_1788575400000.png,c868d09ab2a5ba7c
s33297,testA,s33297_ARUSDT_1788577200000.png,7e8646ab439675a3
s33320,testA,s33320_GRTUSDT_1788583500000.png,b1deea08e418f5d2
s33334,testA,s33334_GRTUSDT_1788588000000.png,1f2b62a4796e2851
s33335,testA,s33335_APEUSDT_1788588000000.png,492dfb7e12ecd880
s33337,testA,s33337_GRTUSDT_1788588900000.png,27bddb22a139f8ab
s33366,testA,s33366_GRTUSDT_1788594300000.png,5b3781f3b08ecd0c
s33433,testA,s33433_ARUSDT_1788608700000.png,0c6ab2bf7fa9472c
s33436,testA,s33436_ARUSDT_1788609600000.png,cafd22e0a69a55d4
s33448,testA,s33448_ARUSDT_1788617700000.png,3072037747841fa3
s33451,testA,s33451_ARUSDT_1788618600000.png,ae359029b0a9c289
s33453,testA,s33453_ARUSDT_1788619500000.png,bf9229e246a81f72
s33463,testA,s33463_ARUSDT_1788623100000.png,9cad18e3ee9d8042
s33465,testA,s33465_ARUSDT_1788624000000.png,c3e3edf9ba406005
s33472,testA,s33472_STXUSDT_1788630300000.png,2f72e4ffd4267fb4
s33473,testA,s33473_LDOUSDT_1788630300000.png,26383450fa57137f
s33487,testA,s33487_STXUSDT_1788633000000.png,3c2c80800378da75
s33491,testA,s33491_STXUSDT_1788633900000.png,50d50aeb3bc4cede
s33495,testA,s33495_STXUSDT_1788634800000.png,c25d1c5b207f8ad0
s33567,testA,s33567_ARUSDT_1788650100000.png,a0c07d3cca841492
s33616,testA,s33616_LDOUSDT_1788662700000.png,7773d309f9317374
s33638,testA,s33638_STXUSDT_1788668100000.png,abbd9ca323ffa245
s33639,testA,s33639_LDOUSDT_1788668100000.png,be80cf8bbcde1a81
s33665,testA,s33665_ARUSDT_1788674400000.png,0854752d86015086
s33670,testA,s33670_ARUSDT_1788675300000.png,a2d36b201c6c3dbb
s33726,testA,s33726_GRTUSDT_1788696000000.png,4bd2506092fd4443
s33739,testA,s33739_ARUSDT_1788698700000.png,705a28aaf1797c3c
s33740,testA,s33740_GRTUSDT_1788698700000.png,2c801188bb915381
s33766,testA,s33766_ARUSDT_1788703200000.png,76d0b8a46b80baa8
s33771,testA,s33771_ARUSDT_1788704100000.png,590c3e69cfc5ceb3
s33774,testA,s33774_ARUSDT_1788705000000.png,1980b416500b382a
s33792,testA,s33792_ARUSDT_1788707700000.png,c56c668e96d3f9e3
s35447,testA,s35447_STXUSDT_1789134300000.png,4aa0b13ec75eb879
s35448,testA,s35448_LDOUSDT_1789134300000.png,ebfe79c9a60d5ab4
s35449,testA,s35449_SANDUSDT_1789134300000.png,d82ac0eaf9dc6fe9
s35450,testA,s35450_MANAUSDT_1789134300000.png,bf3e47d70d9f1f85
s35451,testA,s35451_APEUSDT_1789134300000.png,f6456cee857098d7
s35458,testA,s35458_STXUSDT_1789135200000.png,251f0aeca948cef9
s35459,testA,s35459_MANAUSDT_1789135200000.png,eeab244d4faf2cc4
s35460,testA,s35460_APEUSDT_1789135200000.png,6083a5cc20750e14
s35466,testA,s35466_STXUSDT_1789136100000.png,bae5cfcf803ad3a5
s35467,testA,s35467_SANDUSDT_1789136100000.png,681dc84e7ef6bd91
s35468,testA,s35468_MANAUSDT_1789136100000.png,0828f57cfb810e45
s35469,testA,s35469_APEUSDT_1789136100000.png,aa28dfeca55138dc
s35474,testA,s35474_MANAUSDT_1789137000000.png,59e0466364a34ae3
s35528,testA,s35528_STXUSDT_1789140600000.png,fe1bee5dbdee01b7
s35529,testA,s35529_GRTUSDT_1789140600000.png,ba4aa5efdda75b4c
s35530,testA,s35530_LDOUSDT_1789140600000.png,f3e07b0fbeb193e8
s35531,testA,s35531_SANDUSDT_1789140600000.png,42836c53e53270ee
s35533,testA,s35533_AXSUSDT_1789140600000.png,cc6e5ee329e02195
s35549,testA,s35549_ARUSDT_1789148700000.png,ac4a19516211024f
s35550,testA,s35550_STXUSDT_1789148700000.png,a0418d2b890f80b2
s35551,testA,s35551_MANAUSDT_1789148700000.png,0be3e6df0c4e57db
s35562,testA,s35562_ARUSDT_1789149600000.png,fd1fd22038eedd38
s35564,testA,s35564_SANDUSDT_1789149600000.png,9459fe17921610f4
s35563,testA,s35563_STXUSDT_1789149600000.png,a6670b1060991660
s35565,testA,s35565_MANAUSDT_1789149600000.png,0fa3eba249207fcb
s35575,testA,s35575_ARUSDT_1789150500000.png,190d30219cf702cb
s35598,testA,s35598_ARUSDT_1789152300000.png,55ea091388641608
s35599,testA,s35599_STXUSDT_1789152300000.png,92e174874958a1a1
s35600,testA,s35600_SANDUSDT_1789152300000.png,69c6f1cf1b9dd629
s35601,testA,s35601_MANAUSDT_1789152300000.png,48726a3f910780c4
s35602,testA,s35602_APEUSDT_1789152300000.png,efca856e6ad666b1
s38320,testA,s38320_ARUSDT_1789739100000.png,59124eb75d84462a
s38333,testA,s38333_LDOUSDT_1789745400000.png,ff4d02f8d633a14d
s38334,testA,s38334_APEUSDT_1789745400000.png,91a7841850c9bbb0
s38337,testA,s38337_LDOUSDT_1789746300000.png,bd3dc33374f65246
s38338,testA,s38338_APEUSDT_1789746300000.png,b6fa56f6537f6614
s38342,testA,s38342_APEUSDT_1789747200000.png,451488b0031fac8b
s38352,val,s38352_WLDUSDT_1789749900000.png,ee23d8929eacd57c
s38354,val,s38354_WLDUSDT_1789750800000.png,aea776e17102dcf2
s40236,testA,s40236_STXUSDT_1790172900000.png,03a1cdaa4b6e42a4
s40237,testA,s40237_LDOUSDT_1790172900000.png,a1f9f4b6c645324d
s40238,testA,s40238_SANDUSDT_1790172900000.png,a6153f18dce3d2fb
s40239,testA,s40239_MANAUSDT_1790172900000.png,d45a89a5c74a8316
s40240,testA,s40240_APEUSDT_1790172900000.png,80e73dd5f6bcc261
